away_line,away_line_num,away_line_odds,away_money_line_num,away_money_line_odds,away_score,away_team,date,home_line,home_line_num,home_line_odds,home_money_line_num,home_money_line_odds,home_score,home_team,id,over_num,over_odds,over_under,under_num,under_odds
+8.5,630,1.75,52,3.5,132,明尼蘇達灰狼,20160326,-8.5,566,1.75,414,1.15,129,華盛頓巫師,461,373,1.75,217.5,351,1.75
+1.5,849,1.75,390,1.85,105,夏洛特黃蜂,20160326,-1.5,780,1.75,347,1.65,112,底特律活塞,462,283,1.75,206.5,153,1.75
+8.5,513,1.75,52,3.5,90,密爾瓦基公鹿,20160326,-8.5,663,1.75,460,1.15,101,亞特蘭大老鷹,463,499,1.75,202.5,306,1.75
+1.5,410,1.65,183,1.8,109,多倫多暴龍,20160326,-1.5,357,1.85,151,1.7,112,休士頓火箭,465,268,1.75,213.5,123,1.75
+9.5,516,1.75,54,3.75,97,奧蘭多魔術,20160326,-9.5,553,1.75,440,1.12,108,邁阿密熱火,464,307,1.75,207.5,491,1.75
+13.5,272,1.75,,,104,曼斐斯灰熊,20160326,-13.5,437,1.75,,,110,聖安東尼奧馬刺,466,213,1.75,190.5,250,1.75
+7.5,245,1.75,27,3.1,94,鳳凰城太陽,20160326,-7.5,348,1.75,239,1.2,116,沙加緬度國王,467,269,1.75,224.5,158,1.75
-4.5,754,1.75,331,1.4,116,丹佛金塊,20160326,+4.5,493,1.75,146,2.3,105,洛杉磯湖人,468,375,1.75,214.5,339,1.75
+15.5,653,1.75,,,120,達拉斯小牛,20160326,-15.5,613,1.75,,,128,金州勇士,469,611,1.75,222.5,383,1.75
+13.5,623,1.75,,,84,紐奧良鵜鶘,20160325,-13.5,636,1.75,,,92,印第安那溜馬,456,451,1.75,204.5,414,1.75
-5.5,1001,1.75,481,1.35,94,芝加哥公牛,20160325,+5.5,474,1.75,88,2.45,106,紐約尼克,458,451,1.75,204.5,399,1.75
-10.5,918,1.75,,,95,克里夫蘭騎士,20160325,+10.5,464,1.75,,,104,布魯克林籃網,457,440,1.75,208.5,339,1.75
+10.5,544,1.75,,,91,猶他爵士,20160325,-10.5,923,1.75,,,113,奧克拉荷馬雷霆,459,698,1.75,200.5,333,1.75
+6.5,638,1.8,125,2.6,94,波特蘭拓荒者,20160325,-6.5,992,1.7,470,1.3,96,洛杉磯快艇,460,638,1.75,215.5,353,1.75
+1.5,561,1.75,248,1.9,122,亞特蘭大老鷹,20160324,-1.5,873,1.75,408,1.6,101,華盛頓巫師,444,419,1.75,208.5,337,1.75
+11.5,486,1.75,,,104,密爾瓦基公鹿,20160324,-11.5,633,1.75,,,113,克里夫蘭騎士,445,456,1.75,206.5,293,1.75
+7.5,438,1.75,52,3.1,102,奧蘭多魔術,20160324,-7.5,786,1.75,459,1.2,118,底特律活塞,447,268,1.75,205.5,337,1.75
+1.5,405,1.75,197,1.9,79,多倫多暴龍,20160324,-1.5,319,1.75,127,1.6,91,波士頓塞爾提克,446,229,1.75,208.5,104,1.75
+5.5,463,1.75,145,2.45,104,沙加緬度國王,20160324,-5.5,559,1.75,271,1.35,113,明尼蘇達灰狼,450,308,1.75,221.5,313,1.75
+2.5,201,1.75,75,2.05,89,猶他爵士,20160324,-2.5,527,1.75,223,1.5,87,休士頓火箭,448,212,1.75,199.5,136,1.75
+10.5,237,1.75,,,115,紐約尼克,20160324,-10.5,325,1.75,,,107,芝加哥公牛,449,141,1.75,201.5,200,1.75
+9.5,711,1.75,2,5,88,邁阿密熱火,20160324,-9.5,563,1.75,31,1.05,112,聖安東尼奧馬刺,451,364,1.75,195.5,502,1.75
+9.5,191,1.75,16,4,103,費城76人,20160324,-9.5,335,1.75,257,1.1,104,丹佛金塊,452,165,1.75,213.5,143,1.75
+6.5,510,1.75,102,2.85,107,洛杉磯湖人,20160324,-6.5,579,1.75,323,1.25,119,鳳凰城太陽,454,350,1.75,213.5,320,1.75
+7.5,539,1.75,92,3.1,103,達拉斯小牛,20160324,-7.5,799,1.75,445,1.2,109,波特蘭拓荒者,453,727,1.75,214.5,241,1.75
+10.5,525,1.75,,,98,洛杉磯快艇,20160324,-10.5,894,1.75,,,114,金州勇士,455,670,1.75,224.5,361,1.75
-7.5,807,1.75,459,1.2,105,夏洛特黃蜂,20160323,+7.5,561,1.75,56,3.1,100,布魯克林籃網,440,374,1.75,208.5,369,1.75
+9.5,642,1.75,38,3.75,107,休士頓火箭,20160323,-9.5,655,1.75,266,1.12,111,奧克拉荷馬雷霆,442,446,1.75,225.5,426,1.75
-10.5,689,1.75,,,113,邁阿密熱火,20160323,+10.5,536,1.75,,,99,紐奧良鵜鶘,441,349,1.75,209.5,472,1.75
-4.5,753,1.75,348,1.45,100,曼斐斯灰熊,20160323,+4.5,673,1.75,165,2.15,107,洛杉磯湖人,443,460,1.75,202.5,440,1.75
+15.5,685,1.75,,,75,費城76人,20160322,-15.5,477,1.75,,,91,印第安那溜馬,433,489,1.75,211.5,303,1.75
+11.5,632,1.75,,,91,丹佛金塊,20160322,-11.5,497,1.75,,,124,克里夫蘭騎士,432,271,1.75,213.5,311,1.75
-6.5,1044,1.75,601,1.22,88,聖安東尼奧馬刺,20160322,+6.5,616,1.75,72,3,91,夏洛特黃蜂,431,441,1.75,196.5,537,1.75
+8.5,436,1.75,49,3.5,91,密爾瓦基公鹿,20160322,-8.5,698,1.75,432,1.15,92,底特律活塞,435,345,1.75,206.5,255,1.75
+9.5,424,1.75,32,3.75,96,奧蘭多魔術,20160322,-9.5,775,1.75,502,1.12,107,波士頓塞爾提克,434,310,1.75,216.5,371,1.75
-13.5,1191,1.7,,,109,金州勇士,20160322,+13.5,327,1.8,,,104,明尼蘇達灰狼,436,390,1.75,232.5,468,1.75
+8.5,452,1.75,46,3.5,102,沙加緬度國王,20160322,-8.5,714,1.75,478,1.15,109,芝加哥公牛,437,282,1.75,217.5,407,1.75
+7.5,526,1.75,78,2.85,117,華盛頓巫師,20160322,-7.5,729,1.75,440,1.25,102,亞特蘭大老鷹,438,561,1.75,208.5,206,1.75
-3.5,872,1.75,366,1.55,103,曼斐斯灰熊,20160322,+3.5,522,1.75,178,1.95,97,鳳凰城太陽,439,380,1.75,204.5,322,1.75
+1.5,586,1.75,250,1.9,120,波特蘭拓荒者,20160321,-1.5,890,1.75,392,1.6,132,達拉斯小牛,425,580,1.75,216.5,240,1.75
+10.5,656,1.75,,,100,奧蘭多魔術,20160321,-10.5,634,1.75,,,105,多倫多暴龍,426,201,1.75,208.5,138,1.75
-7.5,827,1.75,443,1.2,105,洛杉磯快艇,20160321,+7.5,504,1.75,56,3.1,109,紐奧良鵜鶘,427,405,1.75,213.5,321,1.75
-12.5,815,1.75,,,120,波士頓塞爾提克,20160321,+12.5,459,1.75,,,105,費城76人,428,353,1.75,214.5,383,1.75
-1.5,312,1.75,125,1.6,94,猶他爵士,20160321,+1.5,428,1.75,180,1.9,85,密爾瓦基公鹿,429,271,1.75,189.5,227,1.75
-6.5,786,1.75,335,1.28,88,沙加緬度國王,20160321,+6.5,547,1.75,212,2.7,80,紐約尼克,430,394,1.75,213.5,404,1.75
+10.5,582,1.75,,,101,丹佛金塊,20160320,-10.5,643,1.75,,,93,夏洛特黃蜂,416,357,1.75,217.5,345,1.75
+8.5,438,1.75,46,3.5,89,紐約尼克,20160320,-8.5,642,1.75,432,1.15,99,華盛頓巫師,418,453,1.75,208.5,211,1.75
-4.5,1071,1.75,481,1.4,115,奧克拉荷馬雷霆,20160320,+4.5,392,1.75,98,2.3,111,印第安那溜馬,417,446,1.75,211.5,195,1.75
+8.5,150,1.75,10,3.5,103,布魯克林籃網,20160320,-8.5,299,1.75,239,1.15,115,底特律活塞,419,146,1.75,210.5,114,1.75
-5.5,941,1.75,431,1.35,101,克里夫蘭騎士,20160320,+5.5,418,1.75,114,2.45,122,邁阿密熱火,421,254,1.75,205.5,464,1.75
+7.5,537,1.75,75,3.1,97,休士頓火箭,20160320,-7.5,523,1.75,349,1.2,109,亞特蘭大老鷹,420,407,1.75,217.5,260,1.75
+1.5,260,1.75,90,1.9,85,猶他爵士,20160320,-1.5,442,1.75,200,1.6,92,芝加哥公牛,423,173,1.75,195.5,161,1.75
-10.5,575,1.75,,,102,洛杉磯快艇,20160320,+10.5,555,1.75,,,113,曼斐斯灰熊,422,359,1.75,200.5,233,1.75
+4.5,830,1.7,358,2.05,79,金州勇士,20160320,-4.5,854,1.8,426,1.5,87,聖安東尼奧馬刺,424,450,1.75,219.5,537,1.75
-16.5,691,1.75,,,111,奧克拉荷馬雷霆,20160319,+16.5,531,1.75,,,97,費城76人,408,484,1.75,220.5,381,1.75
-10.5,441,1.75,,,109,克里夫蘭騎士,20160319,+10.5,312,1.75,,,103,奧蘭多魔術,409,197,1.75,210.5,182,1.75
+2.5,427,1.75,128,1.95,91,波士頓塞爾提克,20160319,-2.5,573,1.75,251,1.55,105,多倫多暴龍,410,287,1.75,210.5,132,1.75
+8.5,290,1.75,30,3.5,108,沙加緬度國王,20160319,-8.5,406,1.75,252,1.15,115,底特律活塞,411,244,1.75,219.5,142,1.75
-3.5,951,1.75,440,1.45,117,波特蘭拓荒者,20160319,+3.5,538,1.75,204,2.15,112,紐奧良鵜鶘,413,566,1.75,220.5,223,1.75
+9.5,589,1.75,41,3.75,111,明尼蘇達灰狼,20160319,-9.5,675,1.75,490,1.12,116,休士頓火箭,412,397,1.75,225.5,379,1.75
-9.5,1013,1.75,583,1.1,130,金州勇士,20160319,+9.5,557,1.75,49,4,112,達拉斯小牛,414,655,1.75,227.5,377,1.75
+3.5,255,1.75,91,2.05,95,鳳凰城太陽,20160319,-3.5,656,1.75,272,1.5,90,洛杉磯湖人,415,259,1.75,215.5,219,1.75
+1.5,384,1.75,160,1.8,101,多倫多暴龍,20160318,-1.5,459,1.75,185,1.7,94,印第安那溜馬,401,289,1.75,203.5,145,1.75
-9.5,473,1.75,300,1.12,99,華盛頓巫師,20160318,+9.5,239,1.75,24,3.75,94,費城76人,400,230,1.75,215.5,163,1.75
+5.5,557,1.75,98,2.3,109,夏洛特黃蜂,20160318,-5.5,967,1.75,453,1.4,106,邁阿密熱火,402,447,1.75,209.5,502,1.75
+11.5,336,1.75,,,86,曼斐斯灰熊,20160318,-11.5,341,1.75,,,96,密爾瓦基公鹿,404,213,1.75,201.5,152,1.75
+8.5,480,1.75,35,3.5,98,丹佛金塊,20160318,-8.5,884,1.75,518,1.15,116,亞特蘭大老鷹,403,424,1.75,211.5,350,1.75
+7.5,194,1.75,13,2.85,102,布魯克林籃網,20160318,-7.5,537,1.75,308,1.25,118,芝加哥公牛,405,141,1.75,212.5,194,1.75
+11.5,610,1.75,,,110,波特蘭拓荒者,20160318,-11.5,840,1.75,,,118,聖安東尼奧馬刺,406,768,1.75,205.5,341,1.75
+9.5,301,1.75,19,3.5,69,鳳凰城太陽,20160318,-9.5,413,1.75,301,1.15,103,猶他爵士,407,164,1.75,198.5,265,1.75
+5.5,211,1.75,33,2.6,96,芝加哥公牛,20160317,-5.5,339,1.75,173,1.3,117,華盛頓巫師,482,150,1.75,213.5,113,1.75
+5.5,721,1.75,4,2.6,98,達拉斯小牛,20160317,-5.5,556,1.75,66,1.3,99,克里夫蘭騎士,483,356,1.75,206.5,387,1.75
+10.5,502,1.75,,,99,奧蘭多魔術,20160317,-10.5,556,1.75,,,107,夏洛特黃蜂,484,456,1.75,213.5,216,1.75
-5.5,1008,1.7,467,1.35,130,奧克拉荷馬雷霆,20160317,+5.5,471,1.8,80,2.45,109,波士頓塞爾提克,481,384,1.75,219.5,328,1.75
+1.5,730,1.65,335,1.7,118,亞特蘭大老鷹,20160317,-1.5,612,1.85,273,1.8,114,底特律活塞,485,360,1.75,199.5,390,1.75
-3.5,321,1.75,139,1.5,114,明尼蘇達灰狼,20160317,+3.5,249,1.75,83,2.05,108,曼斐斯灰熊,489,119,1.75,207.5,132,1.75
+4.5,818,1.75,248,2.15,122,洛杉磯快艇,20160317,-4.5,687,1.75,316,1.45,106,休士頓火箭,486,514,1.75,216.5,309,1.75
+3.5,445,1.75,128,2.05,123,紐奧良鵜鶘,20160317,-3.5,771,1.75,374,1.5,108,沙加緬度國王,487,354,1.75,223.5,282,1.75
+15.5,431,1.75,,,85,紐約尼克,20160317,-15.5,867,1.75,,,121,金州勇士,488,573,1.75,221.5,351,1.75
+3.5,296,1.75,87,2.05,110,丹佛金塊,20160316,-3.5,490,1.75,219,1.5,116,奧蘭多魔術,476,254,1.75,213.5,123,1.75
+3.5,626,1.75,217,1.95,98,波士頓塞爾提克,20160316,-3.5,832,1.75,365,1.55,103,印第安那溜馬,475,519,1.75,208.5,343,1.75
+7.5,693,1.75,68,3.1,114,費城76人,20160316,-7.5,557,1.75,384,1.2,131,布魯克林籃網,477,444,1.75,209.5,415,1.75
-3.5,924,1.75,402,1.5,107,多倫多暴龍,20160316,+3.5,544,1.75,150,2.05,89,密爾瓦基公鹿,478,499,1.75,207.5,210,1.75
+8.5,736,1.75,82,3.3,87,洛杉磯快艇,20160316,-8.5,754,1.75,535,1.18,108,聖安東尼奧馬刺,479,586,1.75,202.5,517,1.75
-6.5,937,1.75,418,1.3,106,沙加緬度國王,20160316,+6.5,574,1.75,142,2.6,98,洛杉磯湖人,480,406,1.75,219.5,445,1.75
+6.5,696,1.75,132,2.85,107,達拉斯小牛,20160315,-6.5,985,1.75,537,1.25,96,夏洛特黃蜂,466,584,1.75,211.5,424,1.75
+9.5,376,1.75,29,3.75,109,芝加哥公牛,20160315,-9.5,241,1.75,230,1.12,107,多倫多暴龍,468,214,1.75,207.5,123,1.75
+8.5,272,1.75,19,3.5,119,丹佛金塊,20160315,-8.5,348,1.75,275,1.15,124,邁阿密熱火,467,250,1.75,210.5,137,1.75
+1.5,312,1.75,125,1.9,81,底特律活塞,20160315,-1.5,401,1.75,179,1.6,124,華盛頓巫師,469,192,1.75,208.5,126,1.75
+7.5,759,1.75,61,3.1,94,波特蘭拓荒者,20160315,-7.5,604,1.75,471,1.2,128,奧克拉荷馬雷霆,471,479,1.75,217.5,405,1.75
+10.5,376,1.75,,,81,曼斐斯灰熊,20160315,-10.5,307,1.75,,,130,休士頓火箭,470,155,1.75,208.5,148,1.75
-1.5,872,1.85,403,1.7,104,明尼蘇達灰狼,20160315,+1.5,626,1.65,282,1.8,107,鳳凰城太陽,472,388,1.75,221.5,399,1.75
-7.5,577,1.75,314,1.2,85,克里夫蘭騎士,20160315,+7.5,339,1.75,42,3.1,94,猶他爵士,474,223,1.75,194.5,217,1.75
+15.5,576,1.75,,,107,紐奧良鵜鶘,20160315,-15.5,765,1.75,,,125,金州勇士,473,535,1.75,230.5,451,1.75
-2.5,950,1.75,425,1.55,114,克里夫蘭騎士,20160314,+2.5,602,1.75,225,1.95,90,洛杉磯快艇,461,477,1.75,208.5,406,1.75
-2.5,582,1.75,269,1.55,108,猶他爵士,20160314,+2.5,814,1.75,288,1.95,99,沙加緬度國王,463,506,1.75,206.5,288,1.75
+5.5,516,1.75,100,2.6,75,印第安那溜馬,20160314,-5.5,794,1.75,401,1.3,104,亞特蘭大老鷹,462,421,1.75,198.5,300,1.75
-2.5,868,1.75,393,1.5,109,密爾瓦基公鹿,20160314,+2.5,459,1.75,141,2.05,100,布魯克林籃網,464,335,1.75,206.5,309,1.75
-1.5,743,1.7,330,1.65,90,紐約尼克,20160314,+1.5,827,1.8,299,1.85,87,洛杉磯湖人,465,665,1.75,209.5,308,1.75
-1.5,526,1.85,229,1.7,112,印第安那溜馬,20160313,+1.5,688,1.65,323,1.8,105,達拉斯小牛,451,426,1.75,205.5,259,1.75
+5.5,283,1.75,40,2.6,104,邁阿密熱火,20160313,-5.5,329,1.75,184,1.3,112,多倫多暴龍,454,244,1.75,202.5,141,1.75
-10.5,579,1.75,,,125,底特律活塞,20160313,+10.5,485,1.75,,,111,費城76人,452,284,1.75,205.5,318,1.75
+5.5,549,1.75,120,2.45,109,休士頓火箭,20160313,-5.5,797,1.75,405,1.35,125,夏洛特黃蜂,453,469,1.75,215.5,287,1.75
+5.5,527,1.75,110,2.6,92,紐奧良鵜鶘,20160313,-5.5,571,1.75,285,1.3,103,密爾瓦基公鹿,456,324,1.75,212.5,261,1.75
+13.5,357,1.75,,,83,曼斐斯灰熊,20160313,-13.5,233,1.75,,,95,亞特蘭大老鷹,455,144,1.75,194.5,150,1.75
+7.5,678,1.75,85,3.1,85,奧克拉荷馬雷霆,20160313,-7.5,670,1.75,463,1.2,93,聖安東尼奧馬刺,457,500,1.75,211.5,340,1.75
-1.5,473,1.75,227,1.65,100,華盛頓巫師,20160313,+1.5,313,1.75,140,1.85,116,丹佛金塊,458,340,1.75,213.5,98,1.75
+8.5,282,1.75,24,3.5,84,奧蘭多魔術,20160313,-8.5,422,1.75,297,1.15,121,波特蘭拓荒者,460,303,1.75,215.5,100,1.75
+18.5,547,1.75,,,116,鳳凰城太陽,20160313,-18.5,573,1.75,,,123,金州勇士,459,425,1.75,228.5,376,1.75
+4.5,756,1.75,120,2.45,103,底特律活塞,20160312,-4.5,812,1.75,425,1.35,118,夏洛特黃蜂,442,605,1.75,204.5,231,1.75
-3.5,657,1.75,307,1.55,89,布魯克林籃網,20160312,+3.5,513,1.75,145,1.95,95,費城76人,441,426,1.75,211.5,264,1.75
+5.5,504,1.75,81,2.6,102,休士頓火箭,20160312,-5.5,786,1.75,432,1.3,98,波士頓塞爾提克,443,441,1.75,223.5,302,1.75
+13.5,439,1.75,,,99,明尼蘇達灰狼,20160312,-13.5,722,1.75,,,96,奧克拉荷馬雷霆,446,437,1.75,224.5,370,1.75
-2.5,375,1.75,159,1.55,114,紐奧良鵜鶘,20160312,+2.5,317,1.75,138,1.95,121,曼斐斯灰熊,444,229,1.75,204.5,139,1.75
-4.5,437,1.75,199,1.5,118,邁阿密熱火,20160312,+4.5,391,1.75,139,2.05,96,芝加哥公牛,445,216,1.75,200.5,233,1.75
+3.5,312,1.75,94,2.15,93,華盛頓巫師,20160312,-3.5,400,1.75,189,1.45,114,猶他爵士,447,138,1.85,196.5,239,1.65
+1.5,290,1.8,120,1.85,107,奧蘭多魔術,20160312,-1.5,461,1.7,205,1.65,100,沙加緬度國王,448,214,1.75,219.5,157,1.75
+11.5,409,1.75,,,94,紐約尼克,20160312,-11.5,749,1.75,,,101,洛杉磯快艇,449,501,1.75,205.5,311,1.75
+13.5,615,1.85,,,112,波特蘭拓荒者,20160312,-13.5,669,1.65,,,128,金州勇士,450,713,1.7,228.5,212,1.8
+4.5,615,1.85,121,2.3,96,亞特蘭大老鷹,20160311,-4.5,1176,1.65,551,1.4,104,多倫多暴龍,437,700,1.65,199.5,454,1.85
,,,,,101,芝加哥公牛,20160311,,,,,,109,聖安東尼奧馬刺,,,,,,
+8.5,807,1.75,76,3.5,98,鳳凰城太陽,20160311,-8.5,815,1.75,499,1.15,116,丹佛金塊,439,589,1.75,215.5,380,1.75
-9.5,126,1.75,104,1.12,120,克里夫蘭騎士,20160311,+9.5,115,1.75,3,3.75,108,洛杉磯湖人,440,90,1.75,211.5,63,1.75
+8.5,324,1.75,32,3.5,96,曼斐斯灰熊,20160310,-8.5,400,1.75,267,1.15,116,波士頓塞爾提克,429,187,1.75,206.5,126,1.75
-9.5,318,1.75,270,1.12,118,休士頓火箭,20160310,+9.5,314,1.75,21,3.75,104,費城76人,430,222,1.75,217.5,122,1.75
+8.5,864,1.75,61,3.5,113,紐奧良鵜鶘,20160310,-8.5,506,1.75,411,1.15,122,夏洛特黃蜂,428,428,1.75,210.5,322,1.75
-4.5,1042,1.75,457,1.45,108,邁阿密熱火,20160310,+4.5,536,1.75,122,2.15,114,密爾瓦基公鹿,431,394,1.75,199.5,371,1.75
+2.5,570,1.75,171,2.05,102,底特律活塞,20160310,-2.5,957,1.75,394,1.5,96,達拉斯小牛,432,425,1.75,205.5,209,1.75
+2.5,565,1.75,229,1.9,128,紐約尼克,20160310,-2.5,522,1.75,233,1.6,97,鳳凰城太陽,433,298,1.75,206.5,196,1.75
+6.5,508,1.8,74,2.85,108,洛杉磯快艇,20160310,-6.5,1005,1.7,550,1.25,120,奧克拉荷馬雷霆,434,686,1.75,216.5,268,1.75
-7.5,412,1.75,285,1.2,120,克里夫蘭騎士,20160310,+7.5,251,1.75,27,3.1,111,沙加緬度國王,435,208,1.75,218.5,178,1.75
+15.5,433,1.75,,,94,猶他爵士,20160310,-15.5,667,1.75,,,115,金州勇士,436,573,1.75,210.5,183,1.75
+12.5,703,1.75,,,99,布魯克林籃網,20160309,-12.5,660,1.75,,,104,多倫多暴龍,422,674,1.75,210.5,408,1.75
-10.5,824,1.75,,,116,聖安東尼奧馬刺,20160309,+10.5,536,1.75,,,91,明尼蘇達灰狼,423,452,1.75,206.5,421,1.75
+2.5,755,1.75,308,1.85,91,亞特蘭大老鷹,20160309,-2.5,979,1.75,396,1.65,84,猶他爵士,425,479,1.75,192.5,448,1.75
+1.5,561,1.65,150,1.75,94,紐約尼克,20160309,-1.5,441,1.85,214,1.75,110,丹佛金塊,424,365,1.75,207.5,134,1.75
+6.5,387,1.75,68,2.85,109,華盛頓巫師,20160309,-6.5,615,1.75,311,1.25,116,波特蘭拓荒者,426,442,1.75,214.5,167,1.75
-4.5,986,1.75,417,1.45,98,奧蘭多魔術,20160309,+4.5,627,1.75,177,2.15,107,洛杉磯湖人,427,430,1.75,212.5,362,1.75
+9.5,695,1.8,51,4.5,103,明尼蘇達灰狼,20160308,-9.5,652,1.7,530,1.08,108,夏洛特黃蜂,415,658,1.75,215.5,308,1.75
-7.5,966,1.75,536,1.2,91,聖安東尼奧馬刺,20160308,+7.5,478,1.75,55,3.1,99,印第安那溜馬,416,500,1.75,196.5,379,1.75
+14.5,596,1.75,,,106,曼斐斯灰熊,20160308,-14.5,764,1.75,,,103,克里夫蘭騎士,417,410,1.75,200.5,365,1.75
-1.5,633,1.75,272,1.55,112,沙加緬度國王,20160308,+1.5,732,1.75,314,1.95,115,紐奧良鵜鶘,419,419,1.75,219.5,303,1.75
+7.5,577,1.75,45,2.85,90,密爾瓦基公鹿,20160308,-7.5,716,1.75,475,1.25,100,芝加哥公牛,418,379,1.75,213.5,300,1.75
-4.5,712,1.75,364,1.4,109,洛杉磯快艇,20160308,+4.5,712,1.75,141,2.3,90,達拉斯小牛,420,533,1.75,211.5,329,1.75
+14.5,528,1.8,,,113,奧蘭多魔術,20160308,-14.5,815,1.7,,,119,金州勇士,421,552,1.75,226.5,347,1.75
-8.5,897,1.75,526,1.15,104,奧克拉荷馬雷霆,20160307,+8.5,505,1.75,39,3.5,96,密爾瓦基公鹿,409,453,1.75,217.5,362,1.75
-18.5,305,1.75,,,95,金州勇士,20160307,+18.5,281,1.75,,,112,洛杉磯湖人,408,198,1.75,220.5,200,1.75
+11.5,595,1.75,,,109,鳳凰城太陽,20160307,-11.5,613,1.75,,,100,曼斐斯灰熊,410,285,1.75,206.5,433,1.75
-4.5,948,1.75,409,1.4,114,達拉斯小牛,20160307,+4.5,414,1.75,91,2.3,116,丹佛金塊,411,575,1.75,211.5,192,1.75
-1.5,781,1.85,298,1.65,103,波特蘭拓荒者,20160307,+1.5,646,1.65,273,1.85,123,底特律活塞,413,488,1.75,206.5,242,1.75
+14.5,317,1.75,,,98,費城76人,20160307,-14.5,267,1.75,,,103,邁阿密熱火,412,111,1.75,210.5,280,1.75
+7.5,550,1.75,70,3.5,113,休士頓火箭,20160307,-7.5,730,1.75,440,1.15,107,多倫多暴龍,414,480,1.75,215.5,228,1.75
+8.5,547,1.75,36,3.5,103,波士頓塞爾提克,20160306,-8.5,695,1.75,468,1.15,120,克里夫蘭騎士,402,306,1.75,211.5,399,1.75
+3.5,651,1.75,180,1.9,100,印第安那溜馬,20160306,-3.5,599,1.75,264,1.6,99,華盛頓巫師,403,387,1.75,208.5,330,1.75
+3.5,476,1.75,146,1.95,106,猶他爵士,20160306,-3.5,827,1.75,347,1.55,94,紐奧良鵜鶘,401,257,1.75,196.5,297,1.75
-6.5,555,1.75,307,1.25,89,底特律活塞,20160306,+6.5,494,1.75,90,2.85,102,紐約尼克,400,377,1.75,200.5,226,1.75
+9.5,326,1.75,57,3.75,118,布魯克林籃網,20160306,-9.5,581,1.75,316,1.12,132,明尼蘇達灰狼,404,279,1.75,213.5,238,1.75
+10.5,422,1.75,,,94,沙加緬度國王,20160306,-10.5,744,1.75,,,104,聖安東尼奧馬刺,406,385,1.75,211.5,385,1.75
+1.5,608,1.75,273,1.8,100,休士頓火箭,20160306,-1.5,718,1.75,312,1.7,108,芝加哥公牛,405,342,1.75,216.5,322,1.75
+6.5,381,1.75,44,2.85,107,亞特蘭大老鷹,20160306,-6.5,678,1.75,381,1.25,97,洛杉磯快艇,407,476,1.65,202.5,243,1.85
-9.5,427,1.65,299,1.08,112,邁阿密熱火,20160305,+9.5,229,1.85,15,4.3,102,費城76人,481,170,1.75,209.5,150,1.75
+13.5,581,1.75,,,102,鳳凰城太陽,20160305,-13.5,488,1.75,,,84,奧蘭多魔術,479,339,1.75,215.5,413,1.75
+3.5,690,1.75,159,1.95,101,印第安那溜馬,20160305,-3.5,810,1.75,396,1.55,108,夏洛特黃蜂,480,617,1.75,203.5,345,1.75
+7.5,606,1.75,95,3.1,115,波特蘭拓荒者,20160305,-7.5,789,1.75,421,1.2,117,多倫多暴龍,482,487,1.75,209.5,218,1.75
+10.5,473,1.75,,,104,紐約尼克,20160305,-10.5,640,1.75,,,105,波士頓塞爾提克,483,285,1.75,209.5,405,1.75
+6.5,445,1.75,63,2.7,101,明尼蘇達灰狼,20160305,-6.5,591,1.75,330,1.28,116,密爾瓦基公鹿,484,428,1.75,215.5,252,1.75
-1.5,579,1.85,208,1.7,88,猶他爵士,20160305,+1.5,852,1.65,378,1.8,94,曼斐斯灰熊,486,312,1.75,191.5,402,1.75
+8.5,306,1.75,24,3.5,83,華盛頓巫師,20160305,-8.5,380,1.75,285,1.15,108,克里夫蘭騎士,485,220,1.75,210.5,143,1.75
+6.5,403,1.75,67,2.85,121,布魯克林籃網,20160305,-6.5,742,1.75,384,1.25,120,丹佛金塊,487,353,1.75,209.5,202,1.75
-10.5,375,1.75,,,106,亞特蘭大老鷹,20160305,+10.5,305,1.75,,,77,洛杉磯湖人,488,258,1.75,206.5,145,1.75
+14.5,482,1.75,,,92,鳳凰城太陽,20160304,-14.5,890,1.75,,,108,邁阿密熱火,475,374,1.75,209.5,700,1.75
-9.5,557,1.75,387,1.1,94,聖安東尼奧馬刺,20160304,+9.5,536,1.75,40,4,86,紐奧良鵜鶘,476,330,1.75,208.5,267,1.75
+7.5,521,1.75,38,3.1,104,沙加緬度國王,20160304,-7.5,589,1.75,347,1.2,101,達拉斯小牛,477,428,1.75,223.5,240,1.75
+7.5,811,1.75,81,3.1,106,奧克拉荷馬雷霆,20160304,-7.5,778,1.75,525,1.2,121,金州勇士,478,503,1.75,231.5,541,1.75
+3.5,481,1.75,144,2.05,89,芝加哥公牛,20160303,-3.5,535,1.75,262,1.5,102,奧蘭多魔術,465,332,1.75,215.5,257,1.75
-10.5,367,1.75,,,119,夏洛特黃蜂,20160303,+10.5,238,1.75,,,99,費城76人,464,192,1.75,209.5,111,1.75
+6.5,449,1.75,38,2.7,94,猶他爵士,20160303,-6.5,1083,1.75,577,1.28,104,多倫多暴龍,466,448,1.75,194.5,297,1.75
+6.5,522,1.75,97,2.6,93,波特蘭拓荒者,20160303,-6.5,628,1.75,310,1.3,116,波士頓塞爾提克,467,377,1.75,220.5,199,1.75
-4.5,839,1.75,381,1.4,104,華盛頓巫師,20160303,+4.5,514,1.75,110,2.3,98,明尼蘇達灰狼,470,329,1.75,219.5,260,1.75
+12.5,442,1.75,,,81,底特律活塞,20160303,-12.5,809,1.75,,,97,聖安東尼奧馬刺,472,521,1.7,202.5,268,1.8
+4.5,279,1.75,46,2.15,98,沙加緬度國王,20160303,-4.5,262,1.75,167,1.45,104,曼斐斯灰熊,468,213,1.75,215.5,102,1.75
-4.5,842,1.75,368,1.45,104,印第安那溜馬,20160303,+4.5,440,1.75,114,2.15,99,密爾瓦基公鹿,471,674,1.7,207.5,179,1.8
+6.5,172,1.75,31,2.85,95,紐奧良鵜鶘,20160303,-6.5,293,1.75,186,1.25,100,休士頓火箭,469,222,1.75,222.5,92,1.75
+9.5,393,1.75,44,3.75,107,洛杉磯湖人,20160303,-9.5,517,1.75,359,1.12,117,丹佛金塊,473,374,1.75,214.5,143,1.75
+1.5,992,1.65,444,1.75,98,奧克拉荷馬雷霆,20160303,-1.5,536,1.85,244,1.75,103,洛杉磯快艇,474,490,1.75,218.5,386,1.75
+12.5,792,1.75,,,92,鳳凰城太陽,20160302,-12.5,653,1.75,,,126,夏洛特黃蜂,458,612,1.75,210.5,320,1.75
-5.5,882,1.75,454,1.3,104,波特蘭拓荒者,20160302,+5.5,676,1.75,75,2.6,85,紐約尼克,459,554,1.65,210.5,248,1.85
+6.5,291,1.75,42,2.6,111,芝加哥公牛,20160302,-6.5,398,1.75,245,1.3,129,邁阿密熱火,460,166,1.75,198.5,403,1.75
+6.5,664,1.75,63,2.6,108,奧蘭多魔術,20160302,-6.5,860,1.75,454,1.3,121,達拉斯小牛,461,630,1.75,215.5,386,1.75
+1.5,663,1.7,311,1.75,101,布魯克林籃網,20160302,-1.5,867,1.8,349,1.75,107,洛杉磯湖人,462,412,1.75,211.5,371,1.75
+7.5,506,1.75,16,3.1,105,亞特蘭大老鷹,20160302,-7.5,927,1.75,235,1.2,109,金州勇士,463,591,1.75,212.5,393,1.75
+8.5,777,1.75,38,3.75,96,印第安那溜馬,20160301,-8.5,589,1.75,480,1.12,100,克里夫蘭騎士,451,346,1.75,200.5,448,1.75
+14.5,458,1.75,,,108,費城76人,20160301,-14.5,496,1.75,,,116,華盛頓巫師,452,380,1.75,215.5,252,1.75
+5.5,676,1.8,63,2.7,95,猶他爵士,20160301,-5.5,857,1.7,447,1.28,100,波士頓塞爾提克,453,421,1.75,205.5,338,1.75
-4.5,1005,1.75,464,1.45,121,休士頓火箭,20160301,+4.5,478,1.75,118,2.15,128,密爾瓦基公鹿,454,625,1.75,216.5,203,1.75
-2.5,731,1.75,302,1.55,103,曼斐斯灰熊,20160301,+2.5,691,1.75,198,1.95,96,丹佛金塊,455,545,1.75,206.5,282,1.75
-9.5,413,1.75,226,1.1,131,奧克拉荷馬雷霆,20160301,+9.5,371,1.75,14,4,116,沙加緬度國王,456,342,1.75,227.5,205,1.75
+12.5,536,1.75,,,95,布魯克林籃網,20160301,-12.5,765,1.75,,,105,洛杉磯快艇,457,452,1.75,212.5,372,1.75
-3.5,832,1.75,440,1.45,99,克里夫蘭騎士,20160229,+3.5,433,1.75,43,2.15,113,華盛頓巫師,444,425,1.75,205.5,233,1.75
+4.5,615,1.75,114,2.45,76,夏洛特黃蜂,20160229,-4.5,754,1.75,332,1.35,87,亞特蘭大老鷹,445,449,1.75,202.5,288,1.75
+10.5,556,1.75,,,116,費城76人,20160229,-10.5,452,1.75,,,130,奧蘭多魔術,448,351,1.75,214.5,267,1.75
+4.5,534,1.75,116,2.3,111,波特蘭拓荒者,20160229,-4.5,814,1.75,367,1.4,102,印第安那溜馬,446,310,1.75,210.5,257,1.75
+1.5,314,1.75,139,1.9,101,多倫多暴龍,20160229,-1.5,222,1.75,75,1.6,114,底特律活塞,447,158,1.75,200.5,78,1.75
+7.5,485,1.75,38,3,101,明尼蘇達灰狼,20160229,-7.5,638,1.75,399,1.22,128,達拉斯小牛,449,396,1.75,213.5,258,1.75
-1.5,685,1.75,296,1.7,98,邁阿密熱火,20160229,+1.5,518,1.75,238,1.8,81,紐約尼克,450,276,1.75,195.5,443,1.75
+5.5,694,1.75,109,2.45,89,邁阿密熱火,20160228,-5.5,576,1.75,277,1.35,101,波士頓塞爾提克,436,267,1.75,211.5,407,1.75
+2.5,304,1.8,45,2.05,112,明尼蘇達灰狼,20160228,-2.5,350,1.7,208,1.5,110,紐奧良鵜鶘,437,193,1.75,217.5,142,1.75
-6.5,964,1.75,485,1.25,104,聖安東尼奧馬刺,20160228,+6.5,463,1.75,49,2.85,94,休士頓火箭,438,333,1.75,212.5,410,1.75
-5.5,382,1.75,168,1.4,103,波特蘭拓荒者,20160228,+5.5,306,1.75,94,2.3,95,芝加哥公牛,439,205,1.75,210.5,122,1.75
-4.5,1022,1.8,462,1.4,121,金州勇士,20160228,+4.5,588,1.7,139,2.3,118,奧克拉荷馬雷霆,441,485,1.75,233.5,413,1.75
+1.5,605,1.65,231,1.75,102,底特律活塞,20160228,-1.5,695,1.85,266,1.75,91,密爾瓦基公鹿,440,373,1.75,202.5,263,1.75
+11.5,532,1.75,,,98,布魯克林籃網,20160228,-11.5,523,1.75,,,96,猶他爵士,443,256,1.75,196.5,475,1.75
-7.5,830,1.75,470,1.2,106,曼斐斯灰熊,20160228,+7.5,374,1.75,39,3.1,111,鳳凰城太陽,442,267,1.75,208.5,254,1.75
-9.5,614,1.75,408,1.12,103,華盛頓巫師,20160227,+9.5,538,1.75,34,3.75,94,費城76人,428,490,1.75,215.5,236,1.75
+4.5,586,1.75,137,2.15,96,夏洛特黃蜂,20160227,-4.5,811,1.75,377,1.45,95,印第安那溜馬,429,670,1.75,203.5,264,1.75
-2.5,888,1.75,355,1.55,97,克里夫蘭騎士,20160227,+2.5,490,1.75,165,1.95,99,多倫多暴龍,431,413,1.75,209.5,352,1.75
+1.5,487,1.75,216,1.85,95,奧蘭多魔術,20160227,-1.5,604,1.75,256,1.65,108,紐約尼克,430,326,1.75,209.5,200,1.75
+6.5,263,1.75,41,2.85,88,芝加哥公牛,20160227,-6.5,307,1.75,162,1.25,103,亞特蘭大老鷹,432,129,1.75,208.5,114,1.75
+6.5,435,1.75,63,2.6,116,丹佛金塊,20160227,-6.5,817,1.75,424,1.3,122,達拉斯小牛,433,434,1.75,210.5,241,1.75
-6.5,821,1.75,382,1.3,117,洛杉磯快艇,20160227,+6.5,349,1.75,77,2.6,107,沙加緬度國王,434,392,1.75,217.5,229,1.75
-6.5,990,1.75,485,1.3,112,曼斐斯灰熊,20160227,+6.5,469,1.75,65,2.6,95,洛杉磯湖人,435,371,1.75,212.5,410,1.75
-9.5,1171,1.7,676,1.1,130,金州勇士,20160226,+9.5,377,1.8,29,4,114,奧蘭多魔術,422,463,1.75,224.5,450,1.75
+7.5,685,1.75,51,3.1,107,密爾瓦基公鹿,20160226,-7.5,635,1.75,440,1.2,112,波士頓塞爾提克,423,297,1.75,214.5,433,1.75
-7.5,977,1.7,508,1.2,119,奧克拉荷馬雷霆,20160226,+7.5,481,1.8,56,3.1,123,紐奧良鵜鶘,424,405,1.75,221.5,393,1.75
+1.5,592,1.75,245,1.9,116,布魯克林籃網,20160226,-1.5,687,1.75,301,1.6,106,鳳凰城太陽,425,452,1.75,209.5,292,1.75
-4.5,907,1.7,417,1.4,96,聖安東尼奧馬刺,20160226,+4.5,378,1.8,83,2.3,78,猶他爵士,426,237,1.75,193.5,233,1.75
+4.5,680,1.75,146,2.15,119,休士頓火箭,20160226,-4.5,1099,1.75,538,1.45,105,波特蘭拓荒者,427,448,1.75,217.5,495,1.75
+8.5,634,1.75,56,3.5,103,夏洛特黃蜂,20160225,-8.5,721,1.75,510,1.15,114,克里夫蘭騎士,412,526,1.75,207.5,279,1.75
+7.5,481,1.75,39,3.1,105,紐約尼克,20160225,-7.5,580,1.75,407,1.2,108,印第安那溜馬,413,464,1.75,203.5,203,1.75
-9.5,939,1.75,561,1.08,118,金州勇士,20160225,+9.5,453,1.75,38,4.5,112,邁阿密熱火,416,564,1.75,219.5,227,1.75
+10.5,550,1.75,,,105,明尼蘇達灰狼,20160225,-10.5,632,1.75,,,114,多倫多暴龍,414,421,1.75,212.5,253,1.75
+11.5,525,1.75,,,91,費城76人,20160225,-11.5,476,1.75,,,111,底特律活塞,415,315,1.75,209.5,243,1.75
+8.5,569,1.75,44,3.5,119,洛杉磯湖人,20160225,-8.5,537,1.75,372,1.15,128,曼斐斯灰熊,417,372,1.75,207.5,277,1.75
-1.5,458,1.85,166,1.7,104,華盛頓巫師,20160225,+1.5,580,1.65,230,1.8,109,芝加哥公牛,418,247,1.75,213.5,244,1.75
-5.5,1017,1.7,466,1.28,116,奧克拉荷馬雷霆,20160225,+5.5,432,1.8,71,2.7,103,達拉斯小牛,419,552,1.8,213.5,242,1.7
-9.5,552,1.75,297,1.12,108,聖安東尼奧馬刺,20160225,+9.5,216,1.75,31,3.75,92,沙加緬度國王,420,225,1.75,218.5,186,1.75
+12.5,572,1.75,,,87,丹佛金塊,20160225,-12.5,524,1.75,,,81,洛杉磯快艇,421,530,1.75,214.5,188,1.75
-6.5,777,1.75,419,1.25,124,奧蘭多魔術,20160224,+6.5,661,1.75,86,2.85,115,費城76人,408,343,1.75,207.5,481,1.75
+4.5,679,1.75,133,2.15,89,紐奧良鵜鶘,20160224,-4.5,727,1.75,315,1.45,109,華盛頓巫師,407,447,1.75,216.5,332,1.75
+4.5,911,1.75,245,2.15,114,休士頓火箭,20160224,-4.5,785,1.75,355,1.45,117,猶他爵士,410,577,1.75,204.5,410,1.75
+2.5,600,1.75,270,1.8,114,沙加緬度國王,20160224,-2.5,579,1.75,237,1.7,110,丹佛金塊,409,467,1.75,223.5,333,1.75
+12.5,636,1.75,,,104,布魯克林籃網,20160224,-12.5,795,1.75,,,112,波特蘭拓荒者,411,402,1.75,211.5,439,1.75
+10.5,533,1.75,,,96,底特律活塞,20160223,-10.5,506,1.75,,,88,克里夫蘭騎士,400,323,1.75,208.5,206,1.75
-4.5,797,1.75,365,1.4,122,多倫多暴龍,20160223,+4.5,723,1.75,130,2.3,95,紐約尼克,401,470,1.75,203.5,253,1.75
+2.5,556,1.75,213,2.05,93,印第安那溜馬,20160223,-2.5,589,1.75,249,1.5,101,邁阿密熱火,402,279,1.75,201.5,335,1.75
-5.5,774,1.7,372,1.3,122,波士頓塞爾提克,20160223,+5.5,621,1.8,92,2.6,124,明尼蘇達灰狼,403,396,1.75,218.5,374,1.75
-7.5,1119,1.7,556,1.2,102,金州勇士,20160223,+7.5,397,1.8,42,3.1,92,亞特蘭大老鷹,404,502,1.75,228.5,298,1.75
+10.5,603,1.75,,,101,洛杉磯湖人,20160223,-10.5,708,1.75,,,108,密爾瓦基公鹿,405,378,1.75,210.5,233,1.75
+14.5,697,1.75,,,84,鳳凰城太陽,20160223,-14.5,530,1.75,,,124,洛杉磯快艇,406,612,1.75,213.5,249,1.75
+3.5,533,1.75,183,2.05,115,克里夫蘭騎士,20160222,-3.5,714,1.75,315,1.5,92,奧克拉荷馬雷霆,482,306,1.75,213.5,410,1.75
+5.5,482,1.75,74,2.45,111,紐奧良鵜鶘,20160222,-5.5,551,1.75,293,1.35,106,底特律活塞,481,273,1.75,206.5,240,1.75
-3.5,576,1.75,261,1.45,121,波士頓塞爾提克,20160222,+3.5,452,1.75,119,2.15,101,丹佛金塊,483,323,1.75,214.5,221,1.75
-15.5,191,1.75,,,118,聖安東尼奧馬刺,20160222,+15.5,105,1.75,,,111,鳳凰城太陽,484,95,1.75,204.5,55,1.75
-1.5,599,1.85,244,1.65,105,印第安那溜馬,20160222,+1.5,561,1.65,244,1.85,102,奧蘭多魔術,487,341,1.75,203.5,169,1.75
-6.5,549,1.75,313,1.25,104,夏洛特黃蜂,20160222,+6.5,451,1.75,51,2.85,96,布魯克林籃網,485,295,1.75,204.5,210,1.75
+8.5,526,1.75,45,3.5,85,曼斐斯灰熊,20160222,-8.5,401,1.75,321,1.15,98,多倫多暴龍,486,271,1.75,202.5,227,1.75
+10.5,420,1.75,,,103,費城76人,20160222,-10.5,410,1.75,,,129,達拉斯小牛,488,248,1.75,205.5,160,1.75
+8.5,436,1.75,36,3.5,115,洛杉磯湖人,20160222,-8.5,654,1.75,417,1.15,126,芝加哥公牛,489,288,1.75,209.5,234,1.75
+3.5,677,1.75,157,2.15,111,猶他爵士,20160222,-3.5,900,1.75,411,1.45,115,波特蘭拓荒者,490,363,1.75,197.5,310,1.75
+8.5,675,1.75,57,3.5,117,密爾瓦基公鹿,20160221,-8.5,726,1.75,463,1.15,109,亞特蘭大老鷹,475,365,1.75,205.5,415,1.75
-1.5,473,1.75,185,1.6,94,華盛頓巫師,20160221,+1.5,427,1.75,189,1.9,114,邁阿密熱火,476,208,1.75,201.5,287,1.75
+3.5,575,1.8,193,2.05,103,紐約尼克,20160221,-3.5,844,1.7,359,1.5,95,明尼蘇達灰狼,477,456,1.75,207.5,359,1.75
-5.5,1069,1.7,530,1.3,115,金州勇士,20160221,+5.5,473,1.8,99,2.6,112,洛杉磯快艇,478,540,1.75,227.5,393,1.75
+2.5,428,1.8,174,1.95,86,底特律活塞,20160220,-2.5,649,1.7,299,1.55,98,華盛頓巫師,461,241,1.75,208.5,262,1.75
+1.5,538,1.65,248,1.8,104,達拉斯小牛,20160220,-1.5,468,1.85,193,1.7,110,奧蘭多魔術,460,260,1.75,200.5,190,1.75
-5.5,717,1.75,324,1.35,98,紐約尼克,20160220,+5.5,341,1.75,83,2.45,109,布魯克林籃網,462,272,1.75,199.5,256,1.75
+9.5,466,1.75,32,3.75,101,印第安那溜馬,20160220,-9.5,498,1.75,380,1.12,98,奧克拉荷馬雷霆,466,391,1.75,216.5,190,1.75
-2.5,726,1.75,327,1.6,98,夏洛特黃蜂,20160220,+2.5,543,1.75,260,1.9,95,密爾瓦基公鹿,465,367,1.75,201.5,237,1.75
+9.5,381,1.75,36,3.75,114,費城76人,20160220,-9.5,462,1.75,357,1.12,121,紐奧良鵜鶘,467,234,1.75,206.5,228,1.75
+10.5,468,1.75,,,115,邁阿密熱火,20160220,-10.5,527,1.75,,,111,亞特蘭大老鷹,469,189,1.75,195.5,376,1.75
-8.5,617,1.75,329,1.18,106,多倫多暴龍,20160220,+8.5,402,1.75,77,3.3,116,芝加哥公牛,463,245,1.75,201.5,225,1.75
+5.5,465,1.75,79,2.6,104,明尼蘇達灰狼,20160220,-5.5,624,1.75,308,1.3,109,曼斐斯灰熊,468,255,1.75,205.5,250,1.75
-8.5,466,1.75,323,1.15,116,休士頓火箭,20160220,+8.5,351,1.75,45,3.5,100,鳳凰城太陽,470,258,1.75,215.5,190,1.75
-9.5,949,1.7,558,1.1,105,金州勇士,20160220,+9.5,306,1.8,39,4,137,波特蘭拓荒者,472,503,1.75,226.5,161,1.75
+3.5,399,1.75,84,2.15,110,丹佛金塊,20160220,-3.5,569,1.75,262,1.45,116,沙加緬度國王,471,326,1.75,219.5,191,1.75
-10.5,537,1.75,,,119,聖安東尼奧馬刺,20160220,+10.5,436,1.75,,,113,洛杉磯湖人,473,256,1.75,201.5,252,1.75
-1.5,659,1.75,305,1.6,93,波士頓塞爾提克,20160220,+1.5,442,1.75,184,1.9,111,猶他爵士,474,228,1.75,194.5,247,1.75
-1.5,640,1.8,271,1.65,89,猶他爵士,20160219,+1.5,830,1.7,332,1.85,103,華盛頓巫師,491,375,1.75,194.5,499,1.75
+13.5,654,1.75,,,95,芝加哥公牛,20160219,-13.5,769,1.75,,,106,克里夫蘭騎士,458,423,1.75,205.5,500,1.75
-1.5,1134,1.75,544,1.65,86,聖安東尼奧馬刺,20160219,+1.5,573,1.75,99,1.85,105,洛杉磯快艇,459,736,1.75,207.5,314,1.75
-6.5,608,1.75,414,1.3,196,西區全明星,20160215,+6.5,665,1.75,99,2.6,173,東區全明星,480,644,1.75,317.5,434,1.75
-5.5,785,1.75,391,1.3,157,美國新秀隊,20160213,+5.5,418,1.75,101,2.6,154,國際新秀隊,479,624,1.75,272.5,423,1.75
+12.5,671,1.8,,,95,紐奧良鵜鶘,20160212,-12.5,865,1.7,,,121,奧克拉荷馬雷霆,457,483,1.75,217.5,631,1.75
+2.5,812,1.75,349,1.85,92,華盛頓巫師,20160212,-2.5,890,1.75,391,1.65,99,密爾瓦基公鹿,456,612,1.75,214.5,461,1.75
+4.5,439,1.75,93,2.3,117,夏洛特黃蜂,20160211,-4.5,919,1.75,484,1.4,95,印第安那溜馬,444,417,1.75,201.5,311,1.75
-6.5,833,1.75,422,1.28,114,沙加緬度國王,20160211,+6.5,385,1.75,61,2.7,110,費城76人,445,318,1.75,218.5,247,1.75
-10.5,846,1.75,,,98,聖安東尼奧馬刺,20160211,+10.5,355,1.75,,,96,奧蘭多魔術,446,361,1.75,204.5,217,1.75
-5.5,642,1.75,327,1.4,109,曼斐斯灰熊,20160211,+5.5,518,1.75,102,2.3,90,布魯克林籃網,448,311,1.75,197.5,272,1.75
+6.5,433,1.75,61,2.7,103,丹佛金塊,20160211,-6.5,665,1.75,361,1.28,92,底特律活塞,447,316,1.75,208.5,166,1.75
+1.5,608,1.65,284,1.75,134,洛杉磯快艇,20160211,-1.5,507,1.85,201,1.75,139,波士頓塞爾提克,449,310,1.75,213.5,179,1.75
+3.5,398,1.7,126,2.05,96,猶他爵士,20160211,-3.5,531,1.8,259,1.5,100,紐奧良鵜鶘,451,328,1.75,195.5,197,1.75
-7.5,756,1.7,436,1.2,112,多倫多暴龍,20160211,+7.5,321,1.8,39,3.1,117,明尼蘇達灰狼,452,310,1.75,207.5,205,1.75
-5.5,590,1.75,291,1.4,113,亞特蘭大老鷹,20160211,+5.5,501,1.75,125,2.3,90,芝加哥公牛,450,297,1.75,207.5,237,1.75
+15.5,595,1.75,,,111,洛杉磯湖人,20160211,-15.5,392,1.75,,,120,克里夫蘭騎士,453,282,1.75,210.5,215,1.75
-17.5,566,1.75,,,112,金州勇士,20160211,+17.5,374,1.75,,,104,鳳凰城太陽,454,441,1.75,222.5,248,1.75
+3.5,341,1.75,88,2.05,103,休士頓火箭,20160211,-3.5,460,1.75,225,1.5,116,波特蘭拓荒者,455,187,1.75,215.5,108,1.75
-7.5,1015,1.75,571,1.2,119,聖安東尼奧馬刺,20160210,+7.5,469,1.75,53,3.1,101,邁阿密熱火,441,487,1.75,196.5,418,1.75
-5.5,1089,1.75,494,1.35,111,波士頓塞爾提克,20160210,+5.5,594,1.75,105,2.45,112,密爾瓦基公鹿,439,387,1.75,208.5,309,1.75
-1.5,809,1.85,343,1.7,111,華盛頓巫師,20160210,+1.5,712,1.65,287,1.8,108,紐約尼克,440,366,1.75,207.5,296,1.75
+2.5,536,1.75,155,2.05,121,猶他爵士,20160210,-2.5,1018,1.75,443,1.5,119,達拉斯小牛,442,545,1.75,187.5,295,1.75
+14.5,294,1.75,,,110,休士頓火箭,20160210,-14.5,642,1.75,,,123,金州勇士,443,364,1.75,230.5,312,1.75
+6.5,737,1.75,117,2.85,91,芝加哥公牛,20160209,-6.5,641,1.75,361,1.25,108,夏洛特黃蜂,429,447,1.75,201.5,306,1.75
-10.5,794,1.75,,,98,洛杉磯快艇,20160209,+10.5,374,1.75,,,92,費城76人,432,380,1.75,207.5,191,1.75
+12.5,489,1.75,,,87,洛杉磯湖人,20160209,-12.5,637,1.75,,,89,印第安那溜馬,430,280,1.75,206.5,234,1.75
+12.5,229,1.75,,,100,沙加緬度國王,20160209,-12.5,184,1.75,,,120,克里夫蘭騎士,431,148,1.75,218.5,119,1.75
-1.5,714,1.75,310,1.7,103,多倫多暴龍,20160209,+1.5,679,1.75,229,1.8,89,底特律活塞,434,467,1.75,207.5,237,1.75
-3.5,835,1.75,359,1.5,104,丹佛金塊,20160209,+3.5,453,1.75,139,2.05,105,布魯克林籃網,433,356,1.75,206.5,175,1.75
+2.5,479,1.75,185,1.9,116,紐奧良鵜鶘,20160209,-2.5,612,1.75,267,1.6,102,明尼蘇達灰狼,436,336,1.75,211.5,192,1.75
+3.5,472,1.75,113,2.15,112,波特蘭拓荒者,20160209,-3.5,716,1.75,358,1.45,106,曼斐斯灰熊,437,264,1.75,198.5,297,1.75
+8.5,487,1.75,58,3.5,117,奧蘭多魔術,20160209,-8.5,529,1.75,404,1.15,110,亞特蘭大老鷹,435,410,1.75,203.5,171,1.75
-13.5,714,1.75,,,122,奧克拉荷馬雷霆,20160209,+13.5,329,1.75,,,106,鳳凰城太陽,438,393,1.75,216.5,220,1.75
+8.5,323,1.75,22,3.5,119,沙加緬度國王,20160208,-8.5,343,1.75,198,1.15,128,波士頓塞爾提克,427,191,1.75,216.5,186,1.75
-4.5,819,1.75,358,1.45,94,亞特蘭大老鷹,20160208,+4.5,543,1.75,118,2.15,96,奧蘭多魔術,425,495,1.75,202.5,210,1.75
+4.5,245,1.75,52,2.3,101,丹佛金塊,20160208,-4.5,533,1.75,251,1.4,96,紐約尼克,426,196,1.75,202.5,149,1.75
+1.5,663,1.8,269,1.85,100,洛杉磯快艇,20160208,-1.5,719,1.7,300,1.65,93,邁阿密熱火,428,401,1.75,195.5,448,1.75
+6.5,460,1.75,44,2.7,96,波特蘭拓荒者,20160207,-6.5,676,1.75,394,1.28,79,休士頓火箭,415,398,1.75,217.5,200,1.75
+5.5,336,1.75,55,2.6,104,底特律活塞,20160207,-5.5,1035,1.75,445,1.3,112,印第安那溜馬,416,307,1.75,204.5,220,1.75
+5.5,564,1.75,122,2.3,104,華盛頓巫師,20160207,-5.5,880,1.75,433,1.4,108,夏洛特黃蜂,417,364,1.75,209.5,332,1.75
+1.5,583,1.75,226,1.8,98,布魯克林籃網,20160207,-1.5,678,1.75,291,1.7,103,費城76人,419,387,1.75,206.5,209,1.75
+10.5,456,1.75,,,84,紐奧良鵜鶘,20160207,-10.5,681,1.75,,,99,克里夫蘭騎士,418,319,1.75,209.5,265,1.75
+3.5,325,1.75,114,2.15,105,芝加哥公牛,20160207,-3.5,199,1.75,80,1.45,112,明尼蘇達灰狼,421,159,1.75,205.5,83,1.75
+5.5,464,1.75,64,2.6,114,達拉斯小牛,20160207,-5.5,566,1.75,359,1.3,110,曼斐斯灰熊,420,270,1.75,193.5,253,1.75
+16.5,321,1.75,,,102,洛杉磯湖人,20160207,-16.5,797,1.75,,,106,聖安東尼奧馬刺,422,386,1.75,205.5,190,1.75
+8.5,624,1.75,64,3.5,108,奧克拉荷馬雷霆,20160207,-8.5,894,1.75,511,1.15,116,金州勇士,424,511,1.75,231.5,427,1.75
-6.5,528,1.75,307,1.25,98,猶他爵士,20160207,+6.5,425,1.75,65,2.85,89,鳳凰城太陽,423,308,1.75,188.5,282,1.75
+5.5,605,1.75,127,2.6,96,印第安那溜馬,20160206,-5.5,757,1.75,360,1.3,102,亞特蘭大老鷹,405,481,1.75,208.5,286,1.75
+9.5,447,1.75,8,3.75,94,費城76人,20160206,-9.5,819,1.75,194,1.12,106,華盛頓巫師,406,281,1.8,214.5,342,1.7
-5.5,837,1.7,414,1.3,107,洛杉磯快艇,20160206,+5.5,508,1.8,77,2.6,93,奧蘭多魔術,408,398,1.75,206.5,198,1.75
+3.5,726,1.75,216,2.05,98,邁阿密熱火,20160206,-3.5,840,1.75,313,1.5,95,夏洛特黃蜂,407,196,1.75,194.5,191,1.75
-5.5,639,1.75,308,1.4,91,曼斐斯灰熊,20160206,+5.5,566,1.75,121,2.3,85,紐約尼克,410,267,1.75,194.5,305,1.75
-6.5,548,1.75,298,1.25,119,沙加緬度國王,20160206,+6.5,378,1.75,60,2.85,128,布魯克林籃網,411,327,1.75,213.5,173,1.75
+8.5,499,1.75,45,3.5,104,波士頓塞爾提克,20160206,-8.5,726,1.75,520,1.15,103,克里夫蘭騎士,409,450,1.75,211.5,297,1.75
+7.5,500,1.75,57,3.1,81,密爾瓦基公鹿,20160206,-7.5,464,1.75,371,1.2,84,猶他爵士,412,238,1.75,188.5,344,1.75
+1.5,361,1.75,162,1.85,110,芝加哥公牛,20160206,-1.5,341,1.75,147,1.65,115,丹佛金塊,413,245,1.75,207.5,100,1.75
-7.5,1077,1.75,553,1.2,116,聖安東尼奧馬刺,20160206,+7.5,444,1.75,54,3.1,90,達拉斯小牛,414,424,1.75,197.5,421,1.75
+4.5,673,1.75,109,2.15,105,紐約尼克,20160205,-4.5,870,1.75,483,1.45,111,底特律活塞,401,414,1.75,201.5,406,1.75
-8.5,1124,1.7,656,1.12,111,休士頓火箭,20160205,+8.5,607,1.8,50,3.75,105,鳳凰城太陽,402,701,1.75,217.5,385,1.75
+10.5,743,1.75,,,99,洛杉磯湖人,20160205,-10.5,1001,1.75,,,96,紐奧良鵜鶘,403,574,1.75,210.5,472,1.75
+2.5,1026,1.75,465,1.85,110,多倫多暴龍,20160205,-2.5,977,1.75,419,1.65,103,波特蘭拓荒者,404,837,1.75,207.5,333,1.75
-9.5,811,1.75,518,1.12,124,亞特蘭大老鷹,20160204,+9.5,577,1.75,44,3.75,86,費城76人,491,435,1.75,208.5,330,1.75
-9.5,417,1.75,146,1.1,97,克里夫蘭騎士,20160204,+9.5,319,1.75,8,4,106,夏洛特黃蜂,490,212,1.75,203.5,234,1.75
+4.5,639,1.75,156,2.15,95,底特律活塞,20160204,-4.5,706,1.75,328,1.45,102,波士頓塞爾提克,492,330,1.75,208.5,289,1.75
-7.5,900,1.75,514,1.2,114,印第安那溜馬,20160204,+7.5,367,1.75,42,3.1,100,布魯克林籃網,493,488,1.75,201.5,252,1.75
-11.5,1431,1.65,,,134,金州勇士,20160204,+11.5,320,1.85,,,121,華盛頓巫師,495,440,1.75,225.5,380,1.75
+12.5,585,1.75,,,114,奧蘭多魔術,20160204,-12.5,643,1.75,,,117,奧克拉荷馬雷霆,494,550,1.75,212.5,221,1.75
+3.5,262,1.75,66,2.05,93,邁阿密熱火,20160204,-3.5,409,1.75,210,1.5,90,達拉斯小牛,496,170,1.75,194.5,160,1.75
+13.5,510,1.75,,,97,紐奧良鵜鶘,20160204,-13.5,941,1.75,,,110,聖安東尼奧馬刺,497,320,1.75,207.5,397,1.75
+7.5,628,1.75,68,2.85,81,丹佛金塊,20160204,-7.5,772,1.75,420,1.25,85,猶他爵士,498,346,1.75,195.5,342,1.75
+3.5,378,1.75,156,2.05,107,芝加哥公牛,20160204,-3.5,370,1.75,151,1.5,102,沙加緬度國王,499,209,1.75,212.5,156,1.75
+12.5,470,1.75,,,108,明尼蘇達灰狼,20160204,-12.5,806,1.75,,,102,洛杉磯快艇,400,449,1.75,210.5,235,1.75
-4.5,1010,1.75,393,1.5,97,波士頓塞爾提克,20160203,+4.5,877,1.75,285,2.05,89,紐約尼克,485,544,1.75,210.5,375,1.75
+5.5,843,1.75,186,2.15,102,邁阿密熱火,20160203,-5.5,1109,1.75,501,1.45,115,休士頓火箭,486,565,1.75,209.5,526,1.75
-10.5,896,1.75,,,104,多倫多暴龍,20160203,+10.5,650,1.75,,,97,鳳凰城太陽,487,619,1.75,201.5,347,1.75
+7.5,783,1.75,76,3.1,95,密爾瓦基公鹿,20160203,-7.5,891,1.75,571,1.2,107,波特蘭拓荒者,488,482,1.75,206.5,342,1.75
-5.5,922,1.75,443,1.4,115,明尼蘇達灰狼,20160203,+5.5,867,1.75,167,2.3,119,洛杉磯湖人,489,671,1.75,206.5,422,1.75
-5.5,1135,1.75,539,1.3,111,克里夫蘭騎士,20160202,+5.5,718,1.75,107,2.6,106,印第安那溜馬,476,470,1.75,208.5,516,1.75
-8.5,969,1.75,521,1.15,105,底特律活塞,20160202,+8.5,481,1.75,74,3.5,100,布魯克林籃網,477,444,1.75,202.5,317,1.75
+3.5,324,1.75,118,2.05,110,曼斐斯灰熊,20160202,-3.5,447,1.75,209,1.5,95,紐奧良鵜鶘,479,199,1.75,202.5,206,1.75
+10.5,535,1.8,,,98,華盛頓巫師,20160202,-10.5,890,1.7,,,114,奧克拉荷馬雷霆,480,409,1.75,221.5,569,1.75
+6.5,518,1.75,89,2.5,97,達拉斯小牛,20160202,-6.5,725,1.75,422,1.32,112,亞特蘭大老鷹,478,366,1.75,198.5,379,1.75
+16.5,470,1.75,,,92,奧蘭多魔術,20160202,-16.5,895,1.75,,,107,聖安東尼奧馬刺,481,398,1.75,203.5,380,1.75
+3.5,782,1.75,254,2.05,96,芝加哥公牛,20160202,-3.5,796,1.75,342,1.5,105,猶他爵士,483,316,1.75,190.5,545,1.75
-5.5,1005,1.75,517,1.3,93,多倫多暴龍,20160202,+5.5,572,1.75,83,2.6,112,丹佛金塊,482,621,1.75,205.5,318,1.75
+2.5,244,1.75,57,1.9,104,密爾瓦基公鹿,20160202,-2.5,529,1.75,258,1.6,111,沙加緬度國王,484,208,1.75,214.5,193,1.75
+5.5,676,1.75,105,2.6,93,芝加哥公牛,20160201,-5.5,785,1.75,413,1.3,120,洛杉磯快艇,469,469,1.75,203.5,459,1.75
-4.5,875,1.75,391,1.35,114,波士頓塞爾提克,20160201,+4.5,720,1.75,130,2.45,119,奧蘭多魔術,471,467,1.75,205.5,324,1.75
-2.5,390,1.75,169,1.5,87,亞特蘭大老鷹,20160201,+2.5,429,1.75,187,2.05,105,邁阿密熱火,470,180,1.75,196.5,249,1.75
+10.5,635,1.75,,,78,鳳凰城太陽,20160201,-10.5,753,1.75,,,91,達拉斯小牛,472,473,1.75,199.5,282,1.75
-11.5,1295,1.65,,,116,金州勇士,20160201,+11.5,397,1.85,,,95,紐約尼克,473,672,1.75,219.5,240,1.75
+7.5,639,1.75,59,3.1,93,明尼蘇達灰狼,20160201,-7.5,866,1.75,505,1.2,96,波特蘭拓荒者,474,660,1.75,209.5,282,1.75
-3.5,566,1.75,262,1.5,101,夏洛特黃蜂,20160201,+3.5,520,1.75,142,2.05,82,洛杉磯湖人,475,390,1.75,202.5,239,1.75
-18.5,960,1.65,,,108,金州勇士,20160131,+18.5,462,1.85,,,105,費城76人,462,536,1.75,217.5,372,1.75
+8.5,645,1.75,52,3.1,107,底特律活塞,20160131,-8.5,837,1.75,528,1.2,111,多倫多暴龍,463,473,1.75,205.5,274,1.75
+9.5,192,1.75,14,3.75,103,布魯克林籃網,20160131,-9.5,343,1.75,227,1.12,105,紐奧良鵜鶘,465,146,1.75,205.5,138,1.75
+9.5,601,1.75,43,3.75,105,丹佛金塊,20160131,-9.5,822,1.75,544,1.12,109,印第安那溜馬,464,537,1.75,209.5,247,1.75
+4.5,555,1.85,132,2.45,117,沙加緬度國王,20160131,-4.5,1176,1.65,512,1.35,121,曼斐斯灰熊,466,464,1.75,207.5,297,1.75
+5.5,519,1.75,113,2.15,123,華盛頓巫師,20160131,-5.5,961,1.75,431,1.45,122,休士頓火箭,467,305,1.75,217.5,450,1.75
-2.5,1123,1.75,471,1.65,103,聖安東尼奧馬刺,20160131,+2.5,746,1.75,255,1.85,117,克里夫蘭騎士,468,445,1.75,204.5,525,1.75
+8.5,280,1.75,19,3.75,84,鳳凰城太陽,20160130,-8.5,393,1.75,272,1.12,102,紐約尼克,455,190,1.75,203.5,174,1.75
-5.5,1100,1.7,527,1.32,114,克里夫蘭騎士,20160130,+5.5,649,1.8,96,2.5,106,底特律活塞,454,346,1.75,206.5,422,1.75
+8.5,664,1.75,64,3.5,94,奧蘭多魔術,20160130,-8.5,758,1.75,510,1.15,113,波士頓塞爾提克,453,535,1.75,206.5,243,1.75
-1.5,305,1.75,127,1.6,107,邁阿密熱火,20160130,+1.5,387,1.75,168,1.9,103,密爾瓦基公鹿,457,122,1.75,192.5,176,1.75
+8.5,473,1.75,51,3.5,108,休士頓火箭,20160130,-8.5,908,1.75,570,1.15,116,奧克拉荷馬雷霆,456,429,1.75,221.5,491,1.75
+9.5,545,1.75,13,3.75,79,布魯克林籃網,20160130,-9.5,695,1.75,216,1.12,91,達拉斯小牛,458,344,1.75,199.5,417,1.75
+8.5,696,1.75,93,3.5,90,明尼蘇達灰狼,20160130,-8.5,663,1.75,442,1.15,103,猶他爵士,459,386,1.75,192.5,395,1.75
+7.5,705,1.75,94,2.85,91,夏洛特黃蜂,20160130,-7.5,1033,1.75,547,1.25,109,波特蘭拓荒者,460,661,1.75,207.5,323,1.75
+15.5,302,1.75,,,93,洛杉磯湖人,20160130,-15.5,473,1.75,,,105,洛杉磯快艇,461,266,1.75,204.5,165,1.75
+2.5,808,1.75,231,1.9,92,亞特蘭大老鷹,20160129,-2.5,1022,1.75,455,1.6,111,印第安那溜馬,447,560,1.75,202.5,546,1.75
+8.5,665,1.75,71,3.5,117,丹佛金塊,20160129,-8.5,985,1.75,577,1.15,113,華盛頓巫師,448,590,1.75,210.5,350,1.75
-5.5,662,1.75,277,1.4,105,沙加緬度國王,20160129,+5.5,398,1.75,152,2.3,114,紐奧良鵜鶘,450,319,1.75,215.5,244,1.75
+11.5,524,1.75,,,93,紐約尼克,20160129,-11.5,514,1.75,,,103,多倫多暴龍,449,343,1.75,200.5,229,1.75
+4.5,810,1.75,100,2.45,83,密爾瓦基公鹿,20160129,-4.5,928,1.75,527,1.35,103,曼斐斯灰熊,451,511,1.75,193.5,612,1.75
-9.5,655,1.75,401,1.1,114,芝加哥公牛,20160129,+9.5,458,1.75,40,4,91,洛杉磯湖人,452,340,1.75,200.5,356,1.75
+17.5,691,1.75,,,93,鳳凰城太陽,20160128,-17.5,624,1.75,,,115,克里夫蘭騎士,439,293,1.75,208.5,744,1.75
+13.5,647,1.75,,,97,費城76人,20160128,-13.5,589,1.75,,,110,底特律活塞,441,385,1.75,206.5,244,1.75
+10.5,647,1.75,,,103,丹佛金塊,20160128,-10.5,736,1.75,,,111,波士頓塞爾提克,440,483,1.75,215.5,283,1.75
+11.5,542,1.75,,,99,休士頓火箭,20160128,-11.5,1179,1.75,,,130,聖安東尼奧馬刺,444,443,1.75,208.5,349,1.75
+6.5,599,1.75,123,2.6,85,洛杉磯快艇,20160128,-6.5,991,1.75,440,1.3,83,亞特蘭大老鷹,443,357,1.75,206.5,362,1.75
-7.5,812,1.75,505,1.2,126,奧克拉荷馬雷霆,20160128,+7.5,778,1.75,34,3.1,123,明尼蘇達灰狼,442,457,1.75,213.5,297,1.75
+7.5,828,1.75,152,2.6,73,夏洛特黃蜂,20160128,-7.5,956,1.75,449,1.3,102,猶他爵士,445,553,1.7,192.5,422,1.8
+18.5,716,1.75,,,107,達拉斯小牛,20160128,-18.5,812,1.75,,,127,金州勇士,446,665,1.75,216.5,316,1.75
-1.5,821,1.85,344,1.7,91,洛杉磯快艇,20160127,+1.5,731,1.65,293,1.8,89,印第安那溜馬,432,444,1.75,207.5,407,1.75
+1.5,673,1.75,269,1.8,103,鳳凰城太陽,20160127,-1.5,880,1.75,353,1.7,113,費城76人,431,541,1.75,204.5,321,1.75
+8.5,837,1.75,95,3,89,華盛頓巫師,20160127,-8.5,704,1.75,512,1.22,106,多倫多暴龍,435,566,1.75,206.5,333,1.75
-9.5,475,1.75,274,1.12,128,奧克拉荷馬雷霆,20160127,+9.5,308,1.75,31,3.75,122,紐約尼克,433,200,1.75,209.5,178,1.75
-4.5,425,1.75,213,1.35,102,邁阿密熱火,20160127,+4.5,304,1.75,68,2.45,98,布魯克林籃網,434,192,1.75,190.5,224,1.75
+6.5,627,1.75,119,2.7,100,奧蘭多魔術,20160127,-6.5,937,1.75,465,1.28,107,密爾瓦基公鹿,436,448,1.75,197.5,283,1.75
+3.5,619,1.75,135,2.3,97,沙加緬度國王,20160127,-3.5,769,1.75,409,1.4,112,波特蘭拓荒者,437,379,1.75,213.5,432,1.75
-8.5,946,1.75,575,1.15,92,達拉斯小牛,20160127,+8.5,519,1.75,53,3.5,90,洛杉磯湖人,438,594,1.75,202.5,365,1.75
+13.5,677,1.75,,,107,明尼蘇達灰狼,20160126,-13.5,918,1.75,,,114,克里夫蘭騎士,423,586,1.75,206.5,419,1.75
+2.5,663,1.75,215,1.9,116,波士頓塞爾提克,20160126,-2.5,969,1.75,398,1.6,91,華盛頓巫師,422,382,1.75,214.5,369,1.75
+6.5,688,1.75,78,2.85,102,奧蘭多魔術,20160126,-6.5,928,1.75,545,1.25,108,曼斐斯灰熊,426,409,1.75,191.5,453,1.75
+4.5,406,1.75,108,2.45,112,休士頓火箭,20160126,-4.5,408,1.75,180,1.35,111,紐奧良鵜鶘,424,237,1.75,216.5,174,1.75
+7.5,326,1.75,30,2.85,89,邁阿密熱火,20160126,-7.5,490,1.75,283,1.25,84,芝加哥公牛,425,179,1.75,190.5,198,1.75
+3.5,697,1.75,249,2.05,95,底特律活塞,20160126,-3.5,974,1.75,383,1.5,92,猶他爵士,428,445,1.75,193.5,496,1.75
-5.5,1133,1.75,511,1.3,119,亞特蘭大老鷹,20160126,+5.5,736,1.75,125,2.6,105,丹佛金塊,427,586,1.75,208.5,261,1.75
+8.5,503,1.75,74,3.1,129,夏洛特黃蜂,20160126,-8.5,537,1.75,320,1.2,128,沙加緬度國王,429,325,1.75,213.5,207,1.75
+5.5,1034,1.75,212,2.3,90,聖安東尼奧馬刺,20160126,-5.5,1242,1.75,583,1.4,120,金州勇士,430,809,1.75,212.5,577,1.75
+3.5,550,1.75,159,2.15,104,達拉斯小牛,20160125,-3.5,817,1.75,366,1.45,115,休士頓火箭,420,393,1.75,206.5,381,1.75
+2.5,815,1.75,283,1.9,94,洛杉磯快艇,20160125,-2.5,948,1.75,383,1.6,112,多倫多暴龍,421,814,1.75,205.5,303,1.75
-8.5,919,1.75,490,1.15,112,波士頓塞爾提克,20160125,+8.5,677,1.75,52,3.5,92,費城76人,410,479,1.75,207.5,455,1.75
-14.5,960,1.75,,,106,奧克拉荷馬雷霆,20160125,+14.5,616,1.75,,,116,布魯克林籃網,419,561,1.75,207.5,438,1.75
+6.5,568,1.75,82,2.85,99,密爾瓦基公鹿,20160124,-6.5,658,1.75,376,1.25,116,紐奧良鵜鶘,411,328,1.75,205.5,305,1.75
-1.5,544,1.75,239,1.6,84,紐約尼克,20160124,+1.5,705,1.75,267,1.9,97,夏洛特黃蜂,412,273,1.75,199.5,138,1.75
-4.5,913,1.75,414,1.45,101,曼斐斯灰熊,20160124,+4.5,510,1.75,108,2.15,106,明尼蘇達灰狼,413,326,1.75,193.5,348,1.75
+10.5,772,1.75,,,96,芝加哥公牛,20160124,-10.5,727,1.75,,,83,克里夫蘭騎士,414,664,1.75,202.5,343,1.75
-11.5,561,1.75,,,95,亞特蘭大老鷹,20160124,+11.5,405,1.75,,,98,鳳凰城太陽,415,214,1.75,204.5,224,1.75
-4.5,905,1.75,359,1.4,101,底特律活塞,20160124,+4.5,565,1.75,142,2.3,104,丹佛金塊,416,543,1.75,208.5,242,1.75
+3.5,520,1.75,159,2.05,97,印第安那溜馬,20160124,-3.5,733,1.75,307,1.5,108,沙加緬度國王,418,289,1.75,214.5,210,1.75
+12.5,482,1.75,,,103,洛杉磯湖人,20160124,-12.5,757,1.75,,,121,波特蘭拓荒者,417,360,1.75,207.5,394,1.75
+3.5,442,1.75,127,2.15,120,夏洛特黃蜂,20160123,-3.5,565,1.75,263,1.45,116,奧蘭多魔術,400,343,1.75,196.5,226,1.75
-3.5,941,1.75,408,1.5,116,洛杉磯快艇,20160123,+3.5,753,1.75,214,2.05,88,紐約尼克,401,657,1.75,208.5,222,1.75
-6.5,782,1.75,412,1.28,108,猶他爵士,20160123,+6.5,486,1.75,61,2.7,86,布魯克林籃網,402,341,1.75,189.5,462,1.75
+3.5,804,1.75,244,2.05,101,芝加哥公牛,20160123,-3.5,684,1.75,296,1.5,110,波士頓塞爾提克,403,514,1.75,208.5,320,1.75
+3.5,701,1.75,179,2.15,98,密爾瓦基公鹿,20160123,-3.5,947,1.75,392,1.45,102,休士頓火箭,404,263,1.75,211.5,129,1.75
+11.5,347,1.75,,,81,邁阿密熱火,20160123,-11.5,524,1.75,,,101,多倫多暴龍,405,280,1.75,188.5,151,1.75
-7.5,449,1.75,264,1.2,109,奧克拉荷馬雷霆,20160123,+7.5,348,1.75,36,3.1,106,達拉斯小牛,406,287,1.75,207.5,146,1.75
-17.5,1256,1.75,,,108,聖安東尼奧馬刺,20160123,+17.5,419,1.75,,,95,洛杉磯湖人,407,425,1.75,199.5,372,1.75
+14.5,640,1.75,,,110,印第安那溜馬,20160123,-14.5,1030,1.75,,,122,金州勇士,408,703,1.75,218.5,344,1.75
+1.5,908,1.7,382,1.8,99,底特律活塞,20160122,-1.5,1029,1.8,425,1.7,115,紐奧良鵜鶘,484,571,1.75,207.5,348,1.75
+6.5,760,1.75,104,2.85,102,洛杉磯快艇,20160122,-6.5,804,1.75,470,1.25,115,克里夫蘭騎士,483,371,1.75,202.5,211,1.75
-2.5,951,1.75,422,1.55,102,曼斐斯灰熊,20160122,+2.5,840,1.75,266,1.95,101,丹佛金塊,485,555,1.75,194.5,498,1.75
-1.5,983,1.85,449,1.65,88,亞特蘭大老鷹,20160122,+1.5,797,1.65,320,1.85,91,沙加緬度國王,486,444,1.75,214.5,589,1.75
-16.5,1348,1.75,,,117,聖安東尼奧馬刺,20160122,+16.5,554,1.75,,,89,鳳凰城太陽,487,556,1.75,200.5,567,1.75
+8.5,404,1.75,39,3.5,96,費城76人,20160121,-8.5,520,1.75,345,1.15,87,奧蘭多魔術,473,174,1.75,196.5,222,1.75
+5.5,447,1.75,115,2.3,87,邁阿密熱火,20160121,-5.5,635,1.75,306,1.4,106,華盛頓巫師,472,273,1.75,196.5,325,1.75
+4.5,677,1.75,125,2.3,109,波士頓塞爾提克,20160121,-4.5,873,1.75,440,1.4,115,多倫多暴龍,476,587,1.75,202.5,271,1.75
-13.5,889,1.75,,,91,克里夫蘭騎士,20160121,+13.5,473,1.75,,,78,布魯克林籃網,474,414,1.75,196.5,437,1.75
+2.5,194,1.75,62,2.05,111,猶他爵士,20160121,-2.5,485,1.75,209,1.5,118,紐約尼克,475,203,1.75,187.5,147,1.75
+10.5,588,1.75,,,95,夏洛特黃蜂,20160121,-10.5,620,1.75,,,109,奧克拉荷馬雷霆,479,469,1.75,208.5,223,1.75
-7.5,1175,1.7,594,1.2,125,金州勇士,20160121,+7.5,513,1.8,53,3.1,94,芝加哥公牛,477,654,1.75,216.5,260,1.75
+4.5,560,1.75,135,2.15,123,底特律活塞,20160121,-4.5,940,1.75,436,1.45,114,休士頓火箭,478,455,1.75,209.5,219,1.75
+7.5,508,1.75,25,3.1,94,明尼蘇達灰狼,20160121,-7.5,444,1.75,179,1.2,106,達拉斯小牛,480,311,1.75,197.5,229,1.75
-1.5,736,1.75,316,1.7,104,亞特蘭大老鷹,20160121,+1.5,895,1.75,294,1.8,98,波特蘭拓荒者,482,419,1.75,210.5,295,1.75
-8.5,972,1.75,505,1.2,112,沙加緬度國王,20160121,+8.5,487,1.75,59,3.1,93,洛杉磯湖人,481,370,1.75,215.5,413,1.75
+4.5,879,1.75,145,2.3,91,密爾瓦基公鹿,20160120,-4.5,1025,1.75,528,1.4,79,邁阿密熱火,468,488,1.75,192.5,643,1.75
+6.5,830,1.75,132,2.6,99,明尼蘇達灰狼,20160120,-6.5,853,1.75,471,1.3,114,紐奧良鵜鶘,469,539,1.75,205.5,217,1.75
-6.5,1275,1.75,656,1.28,97,印第安那溜馬,20160120,+6.5,713,1.75,88,2.7,94,鳳凰城太陽,471,517,1.75,207.5,602,1.75
-9.5,1088,1.75,664,1.12,110,奧克拉荷馬雷霆,20160120,+9.5,774,1.75,50,3.75,104,丹佛金塊,470,857,1.75,214.5,384,1.75
+10.5,266,1.75,,,113,費城76人,20160119,-10.5,391,1.75,,,119,紐約尼克,458,177,1.75,202.5,167,1.75
+5.5,624,1.75,93,2.45,108,波特蘭拓荒者,20160119,-5.5,822,1.75,388,1.35,98,華盛頓巫師,460,454,1.75,212.5,376,1.75
+3.5,370,1.75,128,2.05,119,猶他爵士,20160119,-3.5,752,1.75,342,1.5,124,夏洛特黃蜂,459,394,1.75,186.5,220,1.75
+5.5,452,1.75,73,2.45,99,紐奧良鵜鶘,20160119,-5.5,639,1.75,316,1.35,101,曼斐斯灰熊,461,114,1.75,195.5,123,1.75
+3.5,763,1.8,213,2.15,111,芝加哥公牛,20160119,-3.5,901,1.7,384,1.45,101,底特律活塞,462,435,1.75,203.5,300,1.75
+8.5,669,1.75,58,3.5,81,奧蘭多魔術,20160119,-8.5,619,1.75,407,1.15,98,亞特蘭大老鷹,463,404,1.75,201.5,343,1.75
+12.5,469,1.75,,,100,布魯克林籃網,20160119,-12.5,1001,1.75,,,112,多倫多暴龍,464,348,1.75,196.5,400,1.75
+2.5,981,1.75,414,1.9,132,金州勇士,20160119,-2.5,908,1.75,398,1.6,98,克里夫蘭騎士,465,567,1.75,210.5,604,1.75
-1.5,547,1.75,243,1.65,113,波士頓塞爾提克,20160119,+1.5,614,1.75,260,1.85,118,達拉斯小牛,466,287,1.75,204.5,222,1.75
+6.5,435,1.75,86,2.6,132,休士頓火箭,20160119,-6.5,640,1.75,333,1.3,140,洛杉磯快艇,467,319,1.75,210.5,256,1.75
+3.5,570,1.75,146,2.15,87,鳳凰城太陽,20160118,-3.5,963,1.75,395,1.45,117,明尼蘇達灰狼,453,443,1.75,205.5,490,1.75
+12.5,695,1.75,,,83,達拉斯小牛,20160118,-12.5,1044,1.75,,,112,聖安東尼奧馬刺,454,562,1.75,195.5,505,1.75
+10.5,643,1.75,,,74,邁阿密熱火,20160118,-10.5,598,1.75,,,99,奧克拉荷馬雷霆,455,332,1.75,201.5,356,1.75
-3.5,624,1.7,254,1.45,126,印第安那溜馬,20160118,+3.5,586,1.8,128,2.15,129,丹佛金塊,456,379,1.65,200.5,223,1.85
-10.5,715,1.75,,,112,休士頓火箭,20160118,+10.5,488,1.75,,,95,洛杉磯湖人,457,339,1.75,205.5,374,1.75
+5.5,709,1.75,83,2.6,105,密爾瓦基公鹿,20160117,-5.5,965,1.75,535,1.3,92,夏洛特黃蜂,445,476,1.75,199.5,447,1.75
-7.5,1079,1.75,552,1.25,89,波特蘭拓荒者,20160117,+7.5,487,1.75,52,2.85,114,費城76人,449,458,1.75,208.5,343,1.75
-8.5,1276,1.7,653,1.15,95,金州勇士,20160117,+8.5,399,1.8,38,3.5,113,底特律活塞,447,523,1.75,216.5,336,1.75
+11.5,588,1.75,,,86,布魯克林籃網,20160117,-11.5,711,1.75,,,114,亞特蘭大老鷹,446,350,1.75,204.5,418,1.75
-1.5,425,1.75,171,1.6,119,波士頓塞爾提克,20160117,+1.5,645,1.75,248,1.9,117,華盛頓巫師,448,225,1.75,210.5,156,1.75
+5.5,356,1.75,50,2.6,95,紐約尼克,20160117,-5.5,458,1.75,232,1.3,103,曼斐斯灰熊,450,191,1.75,189.5,239,1.75
+8.5,355,1.75,35,3.5,82,洛杉磯湖人,20160117,-8.5,469,1.75,315,1.15,109,猶他爵士,451,232,1.75,190.5,220,1.75
+5.5,456,1.75,61,2.45,110,沙加緬度國王,20160117,-5.5,772,1.75,424,1.35,103,洛杉磯快艇,452,320,1.75,218.5,211,1.75
+8.5,552,1.75,42,3.5,118,華盛頓巫師,20160116,-8.5,541,1.75,368,1.15,104,印第安那溜馬,437,211,1.75,208.5,169,1.75
+13.5,501,1.75,,,93,明尼蘇達灰狼,20160116,-13.5,771,1.75,,,113,奧克拉荷馬雷霆,436,509,1.75,210.5,275,1.75
-5.5,932,1.75,412,1.35,116,波特蘭拓荒者,20160116,+5.5,584,1.75,89,2.45,104,布魯克林籃網,439,347,1.75,204.5,321,1.75
+10.5,483,1.75,,,103,鳳凰城太陽,20160116,-10.5,484,1.75,,,117,波士頓塞爾提克,438,200,1.75,210.5,143,1.75
-5.5,903,1.75,404,1.35,101,亞特蘭大老鷹,20160116,+5.5,563,1.75,108,2.45,108,密爾瓦基公鹿,440,539,1.75,207.5,323,1.75
+1.5,571,1.65,220,1.8,83,達拉斯小牛,20160116,-1.5,630,1.85,264,1.7,77,芝加哥公牛,441,182,1.75,203.5,193,1.75
+3.5,593,1.75,192,1.95,107,夏洛特黃蜂,20160116,-3.5,586,1.75,252,1.55,109,紐奧良鵜鶘,442,292,1.75,202.5,126,1.75
-3.5,917,1.75,358,1.5,98,邁阿密熱火,20160116,+3.5,783,1.75,229,2.05,95,丹佛金塊,443,425,1.75,191.5,316,1.75
-2.5,984,1.75,410,1.6,91,克里夫蘭騎士,20160116,+2.5,649,1.75,232,1.9,77,休士頓火箭,444,491,1.7,205.5,293,1.8
-5.5,913,1.75,410,1.35,106,多倫多暴龍,20160115,+5.5,692,1.75,146,2.45,103,奧蘭多魔術,430,564,1.75,193.5,293,1.75
-9.5,598,1.75,355,1.1,115,芝加哥公牛,20160115,+9.5,334,1.75,25,4,111,費城76人,431,226,1.75,203.5,269,1.75
+5.5,810,1.75,139,2.45,95,克里夫蘭騎士,20160115,-5.5,1205,1.75,640,1.35,99,聖安東尼奧馬刺,432,587,1.7,196.5,630,1.8
-1.5,436,1.85,167,1.75,101,底特律活塞,20160115,+1.5,739,1.65,301,1.75,103,曼斐斯灰熊,433,213,1.75,192.5,266,1.75
+3.5,446,1.8,133,1.95,103,沙加緬度國王,20160115,-3.5,700,1.7,290,1.55,101,猶他爵士,434,318,1.75,201.5,228,1.75
+18.5,683,1.75,,,98,洛杉磯湖人,20160115,-18.5,847,1.75,,,116,金州勇士,435,652,1.75,217.5,490,1.75
-4.5,947,1.75,387,1.45,84,亞特蘭大老鷹,20160114,+4.5,777,1.75,191,2.15,107,夏洛特黃蜂,420,625,1.75,207.5,279,1.75
+7.5,534,1.75,59,2.6,101,密爾瓦基公鹿,20160114,-7.5,884,1.75,477,1.3,106,華盛頓巫師,421,483,1.75,207.5,338,1.75
-4.5,725,1.7,320,1.45,104,紐約尼克,20160114,+4.5,278,1.8,47,2.15,110,布魯克林籃網,422,231,1.75,191.5,175,1.75
+11.5,597,1.75,,,89,達拉斯小牛,20160114,-11.5,365,1.75,,,108,奧克拉荷馬雷霆,424,256,1.75,208.5,138,1.75
+8.5,586,1.75,29,3.5,104,明尼蘇達灰狼,20160114,-8.5,780,1.75,558,1.15,107,休士頓火箭,423,438,1.75,207.5,245,1.75
+2.5,858,1.75,314,1.95,94,印第安那溜馬,20160114,-2.5,768,1.75,300,1.55,103,波士頓塞爾提克,425,522,1.75,204.5,283,1.75
-10.5,923,1.7,,,110,金州勇士,20160114,+10.5,207,1.8,,,112,丹佛金塊,426,615,1.7,215.5,102,1.8
+7.5,342,1.75,29,3.1,109,紐奧良鵜鶘,20160114,-7.5,471,1.75,311,1.2,97,沙加緬度國王,427,260,1.75,217.5,209,1.75
+4.5,434,1.8,113,2.15,85,猶他爵士,20160114,-4.5,1260,1.7,514,1.45,99,波特蘭拓荒者,428,221,1.75,192.5,187,1.75
+3.5,499,1.75,92,1.95,90,邁阿密熱火,20160114,-3.5,615,1.75,331,1.55,104,洛杉磯快艇,429,263,1.75,197.5,308,1.75
+13.5,679,1.75,,,97,鳳凰城太陽,20160113,-13.5,879,1.75,,,116,印第安那溜馬,412,478,1.75,204.5,526,1.75
-1.5,784,1.85,276,1.7,114,波士頓塞爾提克,20160113,+1.5,1164,1.65,472,1.8,120,紐約尼克,413,550,1.75,200.5,427,1.75
-8.5,807,1.75,443,1.18,109,聖安東尼奧馬刺,20160113,+8.5,576,1.75,57,3.3,99,底特律活塞,414,365,1.75,195.5,280,1.75
-11.5,974,1.75,,,101,奧克拉荷馬雷霆,20160113,+11.5,433,1.75,,,96,明尼蘇達灰狼,416,924,1.7,210.5,314,1.8
-3.5,902,1.75,379,1.5,107,休士頓火箭,20160113,+3.5,926,1.75,372,2.05,91,曼斐斯灰熊,417,150,1.75,195.5,219,1.75
-4.5,903,1.7,367,1.45,101,芝加哥公牛,20160113,+4.5,422,1.8,105,2.15,106,密爾瓦基公鹿,415,301,1.75,204.5,247,1.75
-7.5,1130,1.75,566,1.22,110,克里夫蘭騎士,20160113,+7.5,623,1.75,75,3,107,達拉斯小牛,418,436,1.75,198.5,601,1.75
-3.5,584,1.75,266,1.5,91,紐奧良鵜鶘,20160113,+3.5,343,1.75,87,2.05,95,洛杉磯湖人,419,315,1.75,203.5,158,1.75
-15.5,1458,1.65,,,106,聖安東尼奧馬刺,20160112,+15.5,694,1.85,,,79,布魯克林籃網,409,641,1.75,195.5,587,1.75
+7.5,927,1.75,83,3.1,114,華盛頓巫師,20160112,-7.5,1004,1.75,588,1.2,100,芝加哥公牛,410,891,1.75,208.5,485,1.75
+14.5,1137,1.75,,,103,邁阿密熱火,20160112,-14.5,1155,1.75,,,111,金州勇士,411,1021,1.75,209.5,585,1.75
+8.5,314,1.75,25,3.5,111,紐奧良鵜鶘,20160111,-8.5,446,1.75,277,1.15,114,洛杉磯快艇,400,215,1.75,204.5,142,1.75
-5.5,1159,1.75,509,1.3,93,達拉斯小牛,20160111,+5.5,465,1.75,71,2.6,87,明尼蘇達灰狼,401,458,1.75,198.5,304,1.75
-2.5,665,1.75,257,1.65,98,波士頓塞爾提克,20160111,+2.5,559,1.75,213,1.85,101,曼斐斯灰熊,403,154,1.75,191.5,158,1.75
-16.5,672,1.75,,,95,克里夫蘭騎士,20160111,+16.5,453,1.75,,,85,費城76人,402,510,1.75,206.5,244,1.75
+2.5,853,1.75,318,1.95,103,印第安那溜馬,20160111,-2.5,752,1.75,304,1.55,107,休士頓火箭,404,440,1.75,207.5,271,1.75
+6.5,659,1.75,81,2.85,88,密爾瓦基公鹿,20160111,-6.5,972,1.75,501,1.25,100,紐約尼克,405,314,1.75,196.5,563,1.75
-1.5,575,1.75,235,1.6,92,夏洛特黃蜂,20160111,+1.5,317,1.75,124,1.9,95,丹佛金塊,406,277,1.75,199.5,137,1.75
-7.5,1024,1.75,573,1.2,110,奧克拉荷馬雷霆,20160111,+7.5,727,1.75,63,3.1,115,波特蘭拓荒者,407,552,1.75,216.5,345,1.75
-4.5,565,1.75,251,1.5,86,猶他爵士,20160111,+4.5,418,1.75,142,2.05,74,洛杉磯湖人,408,234,1.75,191.5,212,1.75
+8.5,667,1.75,49,3.5,83,夏洛特黃蜂,20160110,-8.5,968,1.75,436,1.15,97,洛杉磯快艇,481,244,1.75,202.5,94,1.75
+1.5,788,1.75,313,1.8,105,芝加哥公牛,20160110,-1.5,775,1.75,319,1.7,120,亞特蘭大老鷹,482,288,1.75,206.5,567,1.75
+3.5,776,1.75,254,2.05,105,華盛頓巫師,20160110,-3.5,843,1.75,343,1.5,99,奧蘭多魔術,483,343,1.75,198.5,363,1.75
-10.5,1254,1.7,,,108,多倫多暴龍,20160110,+10.5,429,1.8,,,95,費城76人,485,418,1.75,202.5,303,1.75
+11.5,888,1.75,,,89,布魯克林籃網,20160110,-11.5,551,1.75,,,103,底特律活塞,484,385,1.75,195.5,311,1.75
-1.5,670,1.85,273,1.75,83,邁阿密熱火,20160110,+1.5,718,1.65,286,1.75,98,猶他爵士,486,251,1.75,183.5,255,1.75
-9.5,1209,1.7,624,1.12,128,金州勇士,20160110,+9.5,388,1.8,42,3.75,116,沙加緬度國王,487,487,1.75,223.5,327,1.75
-2.5,821,1.75,323,1.6,97,多倫多暴龍,20160109,+2.5,820,1.75,293,1.9,88,華盛頓巫師,471,400,1.75,202.5,314,1.75
-3.5,788,1.75,407,1.45,83,奧蘭多魔術,20160109,+3.5,572,1.75,90,2.15,77,布魯克林籃網,472,124,1.75,192.5,77,1.75
-1.5,883,1.75,371,1.7,95,達拉斯小牛,20160109,+1.5,673,1.75,257,1.8,96,密爾瓦基公鹿,474,386,1.75,203.5,311,1.75
-3.5,1119,1.75,462,1.5,91,印第安那溜馬,20160109,+3.5,547,1.75,139,2.05,86,紐奧良鵜鶘,476,448,1.75,205.5,282,1.75
+6.5,268,1.75,37,2.85,84,丹佛金塊,20160109,-6.5,588,1.75,287,1.25,91,曼斐斯灰熊,473,107,1.75,190.5,130,1.75
-11.5,843,1.75,,,125,克里夫蘭騎士,20160109,+11.5,592,1.75,,,99,明尼蘇達灰狼,475,424,1.75,196.5,276,1.75
+15.5,756,1.75,,,99,紐約尼克,20160109,-15.5,921,1.75,,,100,聖安東尼奧馬刺,477,171,1.75,197.5,99,1.75
-6.5,1090,1.75,531,1.28,103,邁阿密熱火,20160109,+6.5,454,1.75,57,2.7,95,鳳凰城太陽,478,379,1.75,197.5,366,1.75
-10.5,1338,1.75,,,128,金州勇士,20160109,+10.5,462,1.75,,,108,波特蘭拓荒者,479,739,1.75,214.5,235,1.75
-15.5,832,1.75,,,117,奧克拉荷馬雷霆,20160109,+15.5,342,1.75,,,113,洛杉磯湖人,480,478,1.75,211.5,249,1.75
-10.5,1124,1.75,,,126,亞特蘭大老鷹,20160108,+10.5,710,1.75,,,98,費城76人,467,614,1.75,208.5,573,1.75
+6.5,809,1.75,48,2.85,94,猶他爵士,20160108,-6.5,772,1.75,518,1.25,103,休士頓火箭,469,461,1.75,197.5,429,1.75
+6.5,1021,1.75,124,2.85,92,波士頓塞爾提克,20160108,-6.5,1197,1.75,599,1.25,101,芝加哥公牛,468,784,1.75,205.5,492,1.75
+9.5,408,1.75,41,4,115,洛杉磯湖人,20160108,-9.5,664,1.75,345,1.1,118,沙加緬度國王,470,323,1.75,215.5,305,1.75
+8.5,445,1.75,28,3.5,98,紐約尼克,20160107,-8.5,507,1.75,338,1.15,90,邁阿密熱火,456,172,1.75,192.5,183,1.75
-8.5,859,1.75,535,1.2,121,克里夫蘭騎士,20160107,+8.5,605,1.75,40,3.1,115,華盛頓巫師,458,439,1.75,201.5,354,1.75
-3.5,922,1.75,383,1.55,95,印第安那溜馬,20160107,+3.5,679,1.75,178,1.95,86,奧蘭多魔術,457,357,1.75,197.5,263,1.75
-8.5,841,1.75,471,1.15,91,多倫多暴龍,20160107,+8.5,526,1.75,34,3.5,74,布魯克林籃網,460,439,1.75,196.5,217,1.75
+4.5,604,1.75,148,2.15,99,底特律活塞,20160107,-4.5,759,1.75,329,1.45,94,波士頓塞爾提克,459,403,1.75,202.5,186,1.75
+8.5,449,1.75,94,3.5,100,達拉斯小牛,20160107,-8.5,515,1.75,268,1.15,91,紐奧良鵜鶘,462,286,1.75,203.5,142,1.75
+2.5,607,1.75,211,2.05,78,丹佛金塊,20160107,-2.5,642,1.75,248,1.5,74,明尼蘇達灰狼,461,400,1.75,203.5,263,1.75
+14.5,636,1.75,,,98,猶他爵士,20160107,-14.5,684,1.75,,,123,聖安東尼奧馬刺,463,367,1.75,184.5,192,1.75
-2.5,983,1.75,429,1.65,102,夏洛特黃蜂,20160107,+2.5,770,1.75,204,1.85,111,鳳凰城太陽,464,403,1.75,204.5,284,1.75
+8.5,472,1.85,61,3.5,94,曼斐斯灰熊,20160107,-8.5,1023,1.65,514,1.15,112,奧克拉荷馬雷霆,465,236,1.75,199.5,218,1.75
-4.5,1020,1.75,481,1.4,109,洛杉磯快艇,20160107,+4.5,461,1.75,76,2.3,98,波特蘭拓荒者,466,417,1.75,205.5,192,1.75
+7.5,1031,1.75,93,3,107,紐約尼克,20160106,-7.5,969,1.75,596,1.22,101,亞特蘭大老鷹,452,553,1.75,202.5,822,1.75
+8.5,817,1.75,57,3.5,106,密爾瓦基公鹿,20160106,-8.5,931,1.75,543,1.15,117,芝加哥公牛,453,517,1.75,201.5,507,1.75
+7.5,763,1.75,111,3.1,116,沙加緬度國王,20160106,-7.5,1055,1.75,518,1.2,117,達拉斯小牛,454,473,1.75,211.5,624,1.75
-14.5,894,1.75,,,109,金州勇士,20160106,+14.5,493,1.75,,,88,洛杉磯湖人,455,462,1.75,212.5,394,1.75
+7.5,765,1.75,52,3.1,100,多倫多暴龍,20160105,-7.5,911,1.75,612,1.2,122,克里夫蘭騎士,442,626,1.75,195.5,350,1.75
-7.5,1021,1.75,509,1.2,99,明尼蘇達灰狼,20160105,+7.5,509,1.75,71,3.1,109,費城76人,443,404,1.75,203.5,377,1.75
+5.5,260,1.75,45,2.45,89,奧蘭多魔術,20160105,-5.5,389,1.75,194,1.35,115,底特律活塞,445,145,1.75,197.5,130,1.75
+1.5,930,1.75,292,1.85,100,印第安那溜馬,20160105,-1.5,841,1.75,368,1.65,103,邁阿密熱火,446,519,1.75,193.5,421,1.75
-6.5,884,1.75,428,1.25,103,波士頓塞爾提克,20160105,+6.5,636,1.75,108,2.85,94,布魯克林籃網,444,367,1.75,201.5,388,1.75
+7.5,626,1.75,15,3.1,116,沙加緬度國王,20160105,-7.5,749,1.75,153,1.2,104,奧克拉荷馬雷霆,448,475,1.75,215.5,397,1.75
-11.5,1198,1.75,,,123,聖安東尼奧馬刺,20160105,+11.5,530,1.75,,,98,密爾瓦基公鹿,447,418,1.75,193.5,340,1.75
-3.5,881,1.75,366,1.5,93,休士頓火箭,20160105,+3.5,718,1.75,209,2.05,91,猶他爵士,449,124,1.75,199.5,199,1.75
-1.5,425,1.75,198,1.65,91,曼斐斯灰熊,20160105,+1.5,409,1.75,147,1.85,78,波特蘭拓荒者,450,196,1.75,195.5,171,1.75
+12.5,393,1.75,,,101,夏洛特黃蜂,20160105,-12.5,615,1.75,,,111,金州勇士,451,440,1.75,212.5,178,1.75
+3.5,804,1.75,118,2.15,115,芝加哥公牛,20160104,-3.5,881,1.75,205,1.45,113,多倫多暴龍,438,172,1.75,197.5,183,1.75
-6.5,996,1.75,453,1.3,97,亞特蘭大老鷹,20160104,+6.5,724,1.75,99,2.6,111,紐約尼克,437,403,1.75,202.5,393,1.75
-1.5,954,1.85,425,1.7,97,邁阿密熱火,20160104,+1.5,738,1.65,259,1.8,75,華盛頓巫師,439,335,1.75,198.5,534,1.75
-2.5,564,1.75,246,1.6,112,波特蘭拓荒者,20160104,+2.5,381,1.75,107,1.9,106,丹佛金塊,440,337,1.75,204.5,169,1.75
-1.5,1003,1.85,432,1.7,77,鳳凰城太陽,20160104,+1.5,917,1.65,379,1.8,97,洛杉磯湖人,441,645,1.75,210.5,389,1.75
+8.5,592,1.75,45,3.5,100,布魯克林籃網,20160103,-8.5,558,1.75,417,1.15,97,波士頓塞爾提克,426,419,1.75,205.5,277,1.75
+6.5,258,1.75,30,2.85,119,鳳凰城太陽,20160103,-6.5,284,1.75,181,1.25,142,沙加緬度國王,427,137,1.75,214.5,150,1.75
+5.5,447,1.8,59,2.45,82,底特律活塞,20160103,-5.5,915,1.7,450,1.35,94,印第安那溜馬,429,287,1.75,204.5,269,1.75
-9.5,760,1.75,451,1.12,109,奧克拉荷馬雷霆,20160103,+9.5,654,1.75,66,3.75,90,夏洛特黃蜂,428,481,1.75,210.5,251,1.75
+9.5,788,1.75,39,3.75,79,奧蘭多魔術,20160103,-9.5,644,1.75,514,1.12,104,克里夫蘭騎士,430,434,1.75,193.5,277,1.75
+1.5,654,1.75,265,1.8,95,密爾瓦基公鹿,20160103,-1.5,574,1.75,217,1.7,85,明尼蘇達灰狼,431,396,1.75,204.5,208,1.75
+10.5,613,1.75,,,103,休士頓火箭,20160103,-10.5,822,1.75,,,121,聖安東尼奧馬刺,433,461,1.75,201.5,351,1.75
+4.5,469,1.85,80,2.3,105,紐奧良鵜鶘,20160103,-4.5,1042,1.65,432,1.4,98,達拉斯小牛,432,286,1.75,207.5,282,1.75
-1.5,389,1.85,161,1.7,87,曼斐斯灰熊,20160103,+1.5,357,1.65,146,1.8,92,猶他爵士,434,188,1.75,186.5,191,1.75
+14.5,379,1.75,,,99,費城76人,20160103,-14.5,710,1.75,,,130,洛杉磯快艇,436,226,1.75,203.5,313,1.75
+15.5,338,1.75,,,108,丹佛金塊,20160103,-15.5,485,1.75,,,111,金州勇士,435,382,1.75,216.5,161,1.75
+1.5,567,1.75,227,1.9,91,奧蘭多魔術,20160102,-1.5,413,1.75,172,1.6,103,華盛頓巫師,421,227,1.75,203.5,154,1.75
+6.5,862,1.75,111,2.6,94,夏洛特黃蜂,20160102,-6.5,859,1.75,498,1.3,104,多倫多暴龍,423,552,1.75,196.5,435,1.75
+1.5,930,1.75,288,1.85,82,達拉斯小牛,20160102,-1.5,866,1.75,355,1.65,106,邁阿密熱火,422,438,1.75,196.5,357,1.75
+6.5,466,1.75,51,2.85,81,紐約尼克,20160102,-6.5,394,1.75,263,1.25,108,芝加哥公牛,424,151,1.75,197.5,297,1.75
+3.5,811,1.75,195,2.15,84,費城76人,20160102,-3.5,986,1.75,470,1.45,93,洛杉磯湖人,425,575,1.75,209.5,456,1.75
+8.5,573,1.75,33,3.5,90,明尼蘇達灰狼,20160101,-8.5,490,1.75,320,1.15,115,底特律活塞,415,279,1.75,201.5,237,1.75
+6.5,495,1.75,40,2.85,120,密爾瓦基公鹿,20160101,-6.5,689,1.75,354,1.25,116,印第安那溜馬,416,288,1.75,200.5,257,1.75
+4.5,479,1.75,211,2.15,114,金州勇士,20160101,-4.5,504,1.75,202,1.45,110,休士頓火箭,417,268,1.75,210.5,229,1.75
+1.5,736,1.75,240,1.8,95,洛杉磯快艇,20160101,-1.5,663,1.75,277,1.7,89,紐奧良鵜鶘,418,337,1.75,208.5,206,1.75
+15.5,509,1.75,,,106,鳳凰城太陽,20160101,-15.5,595,1.75,,,110,奧克拉荷馬雷霆,419,336,1.75,212.5,353,1.75
+3.5,427,1.75,148,2.05,96,波特蘭拓荒者,20160101,-3.5,577,1.75,236,1.5,109,猶他爵士,420,256,1.75,191.5,238,1.75
-2.5,842,1.75,379,1.65,122,洛杉磯快艇,20151231,+2.5,849,1.75,278,1.85,117,夏洛特黃蜂,405,231,1.75,200.5,159,1.75
+8.5,605,1.75,38,3.1,93,布魯克林籃網,20151231,-8.5,738,1.75,506,1.2,100,奧蘭多魔術,406,416,1.75,199.5,280,1.75
+7.5,524,1.75,58,2.85,91,華盛頓巫師,20151231,-7.5,937,1.75,525,1.25,94,多倫多暴龍,408,400,1.75,202.5,275,1.75
+13.5,546,1.75,,,112,洛杉磯湖人,20151231,-13.5,867,1.75,,,104,波士頓塞爾提克,407,383,1.75,206.5,326,1.75
+4.5,650,1.75,263,2.15,80,猶他爵士,20151231,-4.5,750,1.75,318,1.45,94,明尼蘇達灰狼,410,126,1.75,192.5,142,1.75
+3.5,629,1.75,177,2.05,100,印第安那溜馬,20151231,-3.5,816,1.75,375,1.5,102,芝加哥公牛,409,317,1.75,201.5,425,1.75
-4.5,578,1.75,297,1.35,91,金州勇士,20151231,+4.5,332,1.75,62,2.45,114,達拉斯小牛,411,253,1.75,209.5,172,1.75
+15.5,523,1.75,,,79,鳳凰城太陽,20151231,-15.5,838,1.75,,,112,聖安東尼奧馬刺,412,346,1.75,198.5,333,1.75
+10.5,280,1.75,,,110,費城76人,20151231,-10.5,554,1.75,,,105,沙加緬度國王,414,176,1.75,213.5,257,1.75
+6.5,298,1.75,38,2.85,103,丹佛金塊,20151231,-6.5,473,1.75,256,1.25,110,波特蘭拓荒者,413,324,1.75,202.5,110,1.75
-2.5,959,1.75,384,1.6,96,底特律活塞,20151230,+2.5,830,1.75,340,1.9,108,紐約尼克,400,422,1.75,197.5,425,1.75
+13.5,635,1.75,,,123,密爾瓦基公鹿,20151230,-13.5,662,1.75,,,131,奧克拉荷馬雷霆,403,489,1.75,207.5,267,1.75
+4.5,512,1.75,101,2.15,90,邁阿密熱火,20151230,-4.5,480,1.75,276,1.45,99,曼斐斯灰熊,402,281,1.75,189.5,299,1.75
+4.5,904,1.75,234,2.15,121,亞特蘭大老鷹,20151230,-4.5,1007,1.75,424,1.45,115,休士頓火箭,401,396,1.75,207.5,517,1.75
-7.5,996,1.75,567,1.2,93,克里夫蘭騎士,20151230,+7.5,568,1.75,59,3.1,87,丹佛金塊,404,471,1.75,196.5,318,1.75
+1.5,643,1.65,291,1.75,108,洛杉磯快艇,20151229,-1.5,760,1.85,313,1.75,91,華盛頓巫師,490,408,1.75,207.5,198,1.75
+13.5,702,1.75,,,98,洛杉磯湖人,20151229,-13.5,787,1.75,,,108,夏洛特黃蜂,487,474,1.75,203.5,417,1.75
+5.5,542,1.75,93,2.6,89,紐奧良鵜鶘,20151229,-5.5,908,1.75,430,1.3,104,奧蘭多魔術,489,425,1.75,205.5,200,1.75
+1.5,587,1.65,198,1.75,87,亞特蘭大老鷹,20151229,-1.5,870,1.85,369,1.75,93,印第安那溜馬,488,233,1.75,204.5,357,1.75
+7.5,753,1.75,51,3.1,111,布魯克林籃網,20151229,-7.5,459,1.75,424,1.2,105,邁阿密熱火,491,258,1.75,194.5,350,1.75
+1.5,620,1.75,199,1.85,97,多倫多暴龍,20151229,-1.5,729,1.75,318,1.65,104,芝加哥公牛,492,349,1.75,199.5,244,1.75
+7.5,466,1.75,44,3.1,93,密爾瓦基公鹿,20151229,-7.5,780,1.75,476,1.2,103,達拉斯小牛,493,335,1.75,203.5,235,1.75
+15.5,487,1.75,,,95,明尼蘇達灰狼,20151229,-15.5,804,1.75,,,101,聖安東尼奧馬刺,494,318,1.75,195.5,315,1.75
+10.5,210,1.75,,,91,費城76人,20151229,-10.5,506,1.75,,,95,猶他爵士,496,132,1.75,196.5,160,1.75
-10.5,987,1.75,,,101,克里夫蘭騎士,20151229,+10.5,489,1.75,,,97,鳳凰城太陽,495,285,1.75,198.5,319,1.75
+15.5,341,1.75,,,103,沙加緬度國王,20151229,-15.5,812,1.75,,,122,金州勇士,497,363,1.75,219.5,270,1.75
+10.5,687,1.75,,,96,洛杉磯湖人,20151228,-10.5,881,1.75,,,112,曼斐斯灰熊,483,330,1.75,194.5,667,1.75
+16.5,677,1.75,,,112,丹佛金塊,20151228,-16.5,723,1.75,,,122,奧克拉荷馬雷霆,485,305,1.75,206.5,262,1.75
+7.5,817,1.75,78,3.1,91,紐約尼克,20151228,-7.5,681,1.75,349,1.2,100,波士頓塞爾提克,484,271,1.75,202.5,180,1.75
+8.5,742,1.75,97,3.5,98,波特蘭拓荒者,20151228,-8.5,821,1.75,428,1.15,94,沙加緬度國王,486,289,1.75,208.5,209,1.75
-3.5,655,1.75,285,1.5,111,華盛頓巫師,20151227,+3.5,573,1.75,153,2.05,96,布魯克林籃網,470,237,1.75,205.5,306,1.75
-3.5,722,1.75,311,1.5,111,多倫多暴龍,20151227,+3.5,532,1.75,133,2.05,90,密爾瓦基公鹿,471,387,1.75,193.5,204,1.75
+3.5,499,1.8,151,2.05,92,曼斐斯灰熊,20151227,-3.5,951,1.7,405,1.5,98,夏洛特黃蜂,472,336,1.75,194.5,356,1.75
-1.5,688,1.85,301,1.7,108,休士頓火箭,20151227,+1.5,613,1.65,255,1.8,110,紐奧良鵜鶘,473,271,1.75,210.5,295,1.75
+5.5,472,1.75,129,2.15,108,邁阿密熱火,20151227,-5.5,827,1.75,396,1.45,101,奧蘭多魔術,474,338,1.75,193.5,236,1.75
-1.5,596,1.85,228,1.65,99,波士頓塞爾提克,20151227,+1.5,586,1.65,265,1.85,93,底特律活塞,476,325,1.75,204.5,197,1.75
+7.5,231,1.75,19,3.1,98,紐約尼克,20151227,-7.5,220,1.75,170,1.2,117,亞特蘭大老鷹,475,126,1.75,201.5,93,1.75
-5.5,837,1.75,397,1.4,102,印第安那溜馬,20151227,+5.5,387,1.75,75,2.3,88,明尼蘇達灰狼,477,257,1.75,205.5,225,1.75
+14.5,167,1.75,,,86,丹佛金塊,20151227,-14.5,415,1.75,,,101,聖安東尼奧馬刺,479,153,1.75,194.5,110,1.75
+3.5,497,1.75,78,2.15,111,芝加哥公牛,20151227,-3.5,583,1.75,133,1.45,118,達拉斯小牛,478,110,1.75,201.5,128,1.75
-2.5,327,1.75,142,1.7,109,洛杉磯快艇,20151227,+2.5,315,1.75,130,1.8,104,猶他爵士,481,175,1.75,192.5,135,1.75
+12.5,410,1.75,,,111,費城76人,20151227,-12.5,692,1.75,,,104,鳳凰城太陽,480,241,1.75,205.5,252,1.75
-7.5,416,1.75,282,1.2,76,克里夫蘭騎士,20151227,+7.5,203,1.75,22,3.1,105,波特蘭拓荒者,482,171,1.75,195.5,142,1.75
+5.5,667,1.75,110,2.6,88,紐奧良鵜鶘,20151226,-5.5,890,1.75,485,1.3,94,邁阿密熱火,465,354,1.75,198.5,455,1.75
+9.5,745,1.75,58,3.75,105,芝加哥公牛,20151226,-9.5,863,1.75,605,1.12,96,奧克拉荷馬雷霆,466,407,1.75,205.5,432,1.75
+7.5,904,1.75,134,2.85,83,克里夫蘭騎士,20151226,-7.5,932,1.75,556,1.25,89,金州勇士,467,521,1.75,210.5,591,1.75
-8.5,1179,1.75,610,1.15,84,聖安東尼奧馬刺,20151226,+8.5,758,1.75,99,3.5,88,休士頓火箭,468,632,1.75,204.5,387,1.75
-13.5,994,1.75,,,94,洛杉磯快艇,20151226,+13.5,675,1.75,,,84,洛杉磯湖人,469,565,1.75,206.5,434,1.75
+3.5,615,1.75,178,2.05,102,波士頓塞爾提克,20151224,-3.5,1087,1.75,511,1.5,89,夏洛特黃蜂,453,537,1.75,204.5,461,1.75
-1.5,993,1.85,420,1.65,91,曼斐斯灰熊,20151224,+1.5,598,1.65,260,1.85,100,華盛頓巫師,454,251,1.75,202.5,376,1.75
+1.5,697,1.65,289,1.75,101,休士頓火箭,20151224,-1.5,811,1.85,327,1.75,104,奧蘭多魔術,455,376,1.75,208.5,279,1.75
+7.5,520,1.75,61,3.1,108,沙加緬度國王,20151224,-7.5,872,1.75,519,1.2,106,印第安那溜馬,456,324,1.75,213.5,494,1.75
+12.5,266,1.75,,,84,紐約尼克,20151224,-12.5,363,1.75,,,91,克里夫蘭騎士,452,175,1.75,196.5,160,1.75
-3.5,691,1.75,332,1.45,119,達拉斯小牛,20151224,+3.5,290,1.75,66,2.15,118,布魯克林籃網,457,181,1.75,199.5,186,1.75
+7.5,718,1.75,100,3.1,89,波特蘭拓荒者,20151224,-7.5,562,1.75,389,1.2,115,紐奧良鵜鶘,461,192,1.75,203.5,68,1.75
-12.5,1043,1.75,,,108,聖安東尼奧馬刺,20151224,+12.5,404,1.75,,,83,明尼蘇達灰狼,460,372,1.75,196.5,283,1.75
+5.5,568,1.75,83,2.6,100,底特律活塞,20151224,-5.5,487,1.75,293,1.3,107,亞特蘭大老鷹,458,218,1.75,201.5,199,1.75
+11.5,421,1.75,,,100,費城76人,20151224,-11.5,545,1.75,,,113,密爾瓦基公鹿,459,185,1.75,195.5,246,1.75
+8.5,262,1.75,15,3.5,104,丹佛金塊,20151224,-8.5,318,1.75,262,1.15,96,鳳凰城太陽,462,263,1.75,208.5,118,1.75
-14.5,736,1.75,,,120,奧克拉荷馬雷霆,20151224,+14.5,342,1.75,,,85,洛杉磯湖人,464,308,1.75,207.5,213,1.75
+14.5,592,1.75,,,85,猶他爵士,20151224,-14.5,917,1.75,,,103,金州勇士,463,842,1.75,209.5,254,1.75
-11.5,937,1.75,,,104,曼斐斯灰熊,20151223,+11.5,754,1.75,,,90,費城76人,448,528,1.75,192.5,619,1.75
+3.5,786,1.75,185,2.15,93,底特律活塞,20151223,-3.5,1248,1.75,595,1.45,92,邁阿密熱火,450,814,1.75,195.5,470,1.75
+5.5,879,1.75,191,2.3,99,達拉斯小牛,20151223,-5.5,1103,1.75,495,1.4,103,多倫多暴龍,449,479,1.75,196.5,187,1.75
+5.5,543,1.75,88,2.6,111,洛杉磯湖人,20151223,-5.5,698,1.75,364,1.3,107,丹佛金塊,451,362,1.75,205.5,241,1.75
+3.5,612,1.75,197,2.05,99,沙加緬度國王,20151222,-3.5,924,1.75,406,1.5,113,華盛頓巫師,439,361,1.75,217.5,501,1.75
+4.5,692,1.75,190,2.15,107,奧蘭多魔術,20151222,-4.5,1121,1.75,504,1.45,99,紐約尼克,440,412,1.75,199.5,293,1.75
+6.5,848,1.75,79,3.1,99,明尼蘇達灰狼,20151222,-6.5,612,1.75,451,1.2,113,波士頓塞爾提克,441,447,1.75,210.5,374,1.75
+4.5,941,1.75,274,2.15,95,夏洛特黃蜂,20151222,-4.5,885,1.75,408,1.45,102,休士頓火箭,443,696,1.75,208.5,265,1.75
+10.5,663,1.75,,,105,布魯克林籃網,20151222,-10.5,647,1.75,,,102,芝加哥公牛,444,255,1.75,195.5,511,1.75
+10.5,257,1.75,,,97,波特蘭拓荒者,20151222,-10.5,269,1.75,,,106,亞特蘭大老鷹,442,177,1.75,194.5,158,1.75
+10.5,592,1.75,,,92,印第安那溜馬,20151222,-10.5,899,1.75,,,106,聖安東尼奧馬刺,445,401,1.75,199.5,393,1.75
+5.5,456,1.75,114,2.3,89,鳳凰城太陽,20151222,-5.5,820,1.75,394,1.4,110,猶他爵士,446,328,1.75,197.5,408,1.75
-1.5,956,1.75,443,1.65,100,奧克拉荷馬雷霆,20151222,+1.5,766,1.75,264,1.85,99,洛杉磯快艇,447,721,1.75,210.5,299,1.75
-1.5,788,1.85,326,1.7,100,明尼蘇達灰狼,20151221,+1.5,689,1.65,289,1.8,85,布魯克林籃網,432,327,1.75,203.5,268,1.75
+6.5,565,1.75,68,2.85,109,波特蘭拓荒者,20151221,-6.5,749,1.75,464,1.25,116,邁阿密熱火,433,350,1.75,193.5,340,1.75
+16.5,631,1.75,,,86,費城76人,20151221,-16.5,754,1.75,,,108,克里夫蘭騎士,434,372,1.75,197.5,368,1.75
+7.5,536,1.75,72,3.1,101,密爾瓦基公鹿,20151221,-7.5,781,1.75,438,1.2,95,鳳凰城太陽,435,468,1.75,204.5,303,1.75
+5.5,736,1.75,98,2.6,104,沙加緬度國王,20151221,-5.5,858,1.75,408,1.3,94,多倫多暴龍,437,337,1.75,207.5,265,1.75
-1.5,833,1.85,147,1.7,103,亞特蘭大老鷹,20151221,+1.5,711,1.65,127,1.8,100,奧蘭多魔術,436,189,1.75,201.5,119,1.75
+1.5,609,1.75,265,1.9,130,紐奧良鵜鶘,20151221,-1.5,1051,1.75,453,1.6,125,丹佛金塊,438,462,1.75,204.5,443,1.75
+16.5,585,1.75,,,78,洛杉磯湖人,20151220,-16.5,658,1.75,,,118,奧克拉荷馬雷霆,427,407,1.75,208.5,579,1.75
-2.5,914,1.75,407,1.65,101,夏洛特黃蜂,20151220,+2.5,450,1.75,186,1.85,109,華盛頓巫師,428,253,1.75,205.5,250,1.75
+1.5,729,1.75,321,1.9,91,芝加哥公牛,20151220,-1.5,633,1.75,264,1.6,107,紐約尼克,429,273,1.75,194.5,340,1.75
-2.5,1128,1.75,512,1.5,97,洛杉磯快艇,20151220,+2.5,561,1.75,223,2.05,107,休士頓火箭,430,458,1.75,213.5,441,1.75
-1.5,857,1.85,315,1.7,84,印第安那溜馬,20151220,+1.5,878,1.65,303,1.8,96,曼斐斯灰熊,431,188,1.75,200.5,268,1.75
+11.5,423,1.75,,,97,布魯克林籃網,20151219,-11.5,774,1.75,,,104,印第安那溜馬,417,274,1.75,205.5,416,1.75
-7.5,852,1.7,511,1.2,107,紐約尼克,20151219,+7.5,471,1.8,38,3.1,97,費城76人,416,229,1.75,195.5,327,1.75
+5.5,518,1.75,90,2.45,94,波特蘭拓荒者,20151219,-5.5,777,1.75,404,1.35,102,奧蘭多魔術,415,388,1.75,201.5,162,1.75
+3.5,648,1.75,175,2.15,109,亞特蘭大老鷹,20151219,-3.5,669,1.75,307,1.45,101,波士頓塞爾提克,419,264,1.75,206.5,258,1.75
-3.5,778,1.75,339,1.5,95,沙加緬度國王,20151219,+3.5,456,1.75,160,2.05,99,明尼蘇達灰狼,422,328,1.75,213.5,216,1.75
+8.5,517,1.75,60,3.5,107,洛杉磯快艇,20151219,-8.5,837,1.75,536,1.15,115,聖安東尼奧馬刺,420,392,1.75,196.5,247,1.75
+5.5,571,1.75,88,2.6,147,底特律活塞,20151219,-5.5,776,1.75,381,1.3,144,芝加哥公牛,421,188,1.75,195.5,332,1.75
+5.5,422,1.75,78,2.45,108,多倫多暴龍,20151219,-5.5,561,1.75,318,1.35,94,邁阿密熱火,418,234,1.75,187.5,334,1.75
+2.5,424,1.75,156,2.05,88,曼斐斯灰熊,20151219,-2.5,707,1.75,315,1.5,97,達拉斯小牛,423,197,1.75,196.5,253,1.75
+5.5,504,1.75,84,2.6,88,丹佛金塊,20151219,-5.5,628,1.75,362,1.3,97,猶他爵士,424,215,1.75,195.5,242,1.75
+19.5,805,1.75,,,112,密爾瓦基公鹿,20151219,-19.5,774,1.75,,,121,金州勇士,425,737,1.65,211.5,231,1.85
+3.5,537,1.75,148,2.15,88,紐奧良鵜鶘,20151219,-3.5,713,1.75,322,1.45,104,鳳凰城太陽,426,333,1.75,214.5,263,1.75
-2.5,719,1.75,314,1.6,99,多倫多暴龍,20151218,+2.5,849,1.75,365,1.9,109,夏洛特黃蜂,412,457,1.75,195.5,363,1.75
+3.5,887,1.75,268,1.95,100,奧克拉荷馬雷霆,20151218,-3.5,1120,1.75,527,1.55,104,克里夫蘭騎士,413,671,1.75,202.5,606,1.75
-7.5,1178,1.75,695,1.22,107,休士頓火箭,20151218,+7.5,811,1.75,124,3,87,洛杉磯湖人,414,557,1.75,215.5,617,1.75
